run_number,cover_file,category,message_length,payload_bits,message_number,utc_time,planet_1,planet_2,distance_1_km,distance_2_km,celestial_seed,wrong_seed,cover_characters,cover_words,eligible_positions,capacity_use_percent,changed_characters,cover_modification_percent,eligible_modification_percent,changed_words,b_to_d,d_to_b,p_to_q,q_to_p,original_b,original_d,original_p,original_q,encoded_b,encoded_d,encoded_p,encoded_q,original_bd_balance,encoded_bd_balance,original_pq_balance,encoded_pq_balance,original_eligible_entropy,encoded_eligible_entropy,decode_pass,deterministic_repeat_pass,wrong_seed_rejected,runtime_ms,message_file,encoded_file
1,business_unique_03.txt,business,254,2064,2185330413,2031 AUG 18 10:11:44 UTC,SATURN BARYCENTER,MERCURY BARYCENTER,1410683796.13351846,100041878.12546474,2385440940,11936128516234106121,76015,10892,6886,29.97386001,939,1.23528251,13.63636364,919,78,581,263,17,746,3877,2136,127,1249,3374,1890,373,0.16136708,0.27017088,0.94387981,0.83517455,1.44405370,1.69083183,PASS,PASS,PASS,13.54400000,messages/run_0001_message.txt,encoded/run_0001_encoded.txt
2,business_unique_03.txt,business,311,2520,3975324670,2021 MAY 27 19:03:40 UTC,SATURN BARYCENTER,URANUS BARYCENTER,1424079594.76959729,3092222077.58777142,3661553173,11936128517644450736,76015,10892,6886,36.59599187,1246,1.63915017,18.09468487,1197,114,740,366,26,746,3877,2136,127,1372,3251,1796,467,0.16136708,0.29677698,0.94387981,0.79363677,1.44405370,1.74390068,PASS,PASS,PASS,13.95560000,messages/run_0002_message.txt,encoded/run_0002_encoded.txt
3,business_unique_03.txt,business,374,3024,3822159151,2029 SEP 22 07:36:16 UTC,VENUS BARYCENTER,JUPITER BARYCENTER,139879959.59237105,939840049.07159293,3495756827,11936128517482783166,76015,10892,6886,43.91519024,1511,1.98776557,21.94307290,1431,143,907,435,26,746,3877,2136,127,1510,3113,1727,536,0.16136708,0.32662773,0.94387981,0.76314627,1.44405370,1.78498538,PASS,PASS,PASS,13.81810000,messages/run_0003_message.txt,encoded/run_0003_encoded.txt
4,business_unique_03.txt,business,433,3496,613291962,2023 MAR 26 11:13:30 UTC,SATURN BARYCENTER,NEPTUNE BARYCENTER,1590401776.12252593,4621391138.86618137,87311794,11936128518197469207,76015,10892,6886,50.76967761,1798,2.36532263,26.11094975,1656,161,1102,501,34,746,3877,2136,127,1687,2936,1669,594,0.16136708,0.36491456,0.94387981,0.73751657,1.44405370,1.82202266,PASS,PASS,PASS,13.59480000,messages/run_0004_message.txt,encoded/run_0004_encoded.txt
5,business_unique_03.txt,business,479,3864,1027040679,2022 MAY 02 22:00:09 UTC,MERCURY BARYCENTER,NEPTUNE BARYCENTER,115809291.60584509,4575382639.63154602,749834120,11936128517803354669,76015,10892,6886,56.11385420,1997,2.62711307,29.00087133,1826,179,1207,573,38,746,3877,2136,127,1774,2849,1601,662,0.16136708,0.38373351,0.94387981,0.70746796,1.44405370,1.84502563,PASS,PASS,PASS,13.55180000,messages/run_0005_message.txt,encoded/run_0005_encoded.txt
6,casual_unique_03.txt,casual,260,2112,845735395,2035 JUL 08 17:28:48 UTC,JUPITER BARYCENTER,NEPTUNE BARYCENTER,803251772.81044221,4482250063.95520973,311270941,11936128518576421816,74241,12826,5664,37.28813559,1062,1.43047642,18.75000000,1029,202,564,296,0,1096,2845,1723,0,1458,2483,1427,296,0.27810200,0.36995686,1.00000000,0.82820662,1.47977944,1.74913768,PASS,PASS,PASS,12.91420000,messages/run_0006_message.txt,encoded/run_0006_encoded.txt
7,casual_unique_03.txt,casual,311,2520,2100194283,2032 OCT 18 02:58:57 UTC,NEPTUNE BARYCENTER,VENUS BARYCENTER,4317690567.99399281,186629238.10682026,2138291401,11936128519175018860,74241,12826,5664,44.49152542,1272,1.71333899,22.45762712,1220,227,690,355,0,1096,2845,1723,0,1559,2382,1368,355,0.27810200,0.39558488,1.00000000,0.79396402,1.47977944,1.78334921,PASS,PASS,PASS,12.96490000,messages/run_0007_message.txt,encoded/run_0007_encoded.txt
8,casual_unique_03.txt,casual,363,2936,1316952808,2028 JUN 11 14:48:34 UTC,URANUS BARYCENTER,SATURN BARYCENTER,3040498400.30852890,1489743579.73826289,2073203263,11936128519231715226,74241,12826,5664,51.83615819,1495,2.01371210,26.39477401,1432,244,812,439,0,1096,2845,1723,0,1664,2277,1284,439,0.27810200,0.42222786,1.00000000,0.74521184,1.47977944,1.81904647,PASS,PASS,PASS,12.90990000,messages/run_0008_message.txt,encoded/run_0008_encoded.txt
9,casual_unique_03.txt,casual,415,3352,111801106,2024 APR 27 03:13:54 UTC,JUPITER BARYCENTER,MERCURY BARYCENTER,893242387.44625962,97401893.46816839,389697661,11936128518500382168,74241,12826,5664,59.18079096,1648,2.21979769,29.09604520,1555,300,892,456,0,1096,2845,1723,0,1688,2253,1267,456,0.27810200,0.42831769,1.00000000,0.73534533,1.47977944,1.82542322,PASS,PASS,PASS,13.31240000,messages/run_0009_message.txt,encoded/run_0009_encoded.txt
10,casual_unique_03.txt,casual,455,3672,660466858,2021 DEC 20 09:49:27 UTC,MARS BARYCENTER,NEPTUNE BARYCENTER,358990207.51911545,4494705824.37740040,809339807,11936128518013333050,74241,12826,5664,64.83050847,1800,2.42453631,31.77966102,1728,302,984,514,0,1096,2845,1723,0,1778,2163,1209,514,0.27810200,0.45115453,1.00000000,0.70168311,1.47977944,1.84482884,PASS,PASS,PASS,13.72850000,messages/run_0010_message.txt,encoded/run_0010_encoded.txt
11,casual_01.txt,casual,274,2224,1395563468,2024 MAY 19 06:04:05 UTC,MARS BARYCENTER,SATURN BARYCENTER,285401968.67356324,1493653345.74984193,1887297850,11936128519091274911,65841,11583,5846,38.04310640,1123,1.70562416,19.20971605,1066,196,624,303,0,1160,2905,1781,0,1588,2477,1478,303,0.28536285,0.39065191,1.00000000,0.82987086,1.48674942,1.75852814,PASS,PASS,PASS,11.59440000,messages/run_0011_message.txt,encoded/run_0011_encoded.txt
12,casual_01.txt,casual,347,2808,426719597,2030 JUN 21 17:13:30 UTC,URANUS BARYCENTER,JUPITER BARYCENTER,3019540193.89546156,686118986.36334014,976119723,11936128518180291086,65841,11583,5846,48.03284297,1400,2.12633465,23.94799863,1316,265,740,395,0,1160,2905,1781,0,1635,2430,1386,395,0.28536285,0.40221402,1.00000000,0.77821449,1.48674942,1.79551869,PASS,PASS,PASS,11.95710000,messages/run_0012_message.txt,encoded/run_0012_encoded.txt
13,casual_01.txt,casual,391,3160,905043189,2020 JAN 01 21:26:36 UTC,MERCURY BARYCENTER,SATURN BARYCENTER,214802408.70810694,1645453463.11738682,227392151,11936128518324756274,65841,11583,5846,54.05405405,1570,2.38453243,26.85596989,1462,290,848,432,0,1160,2905,1781,0,1718,2347,1349,432,0.28536285,0.42263223,1.00000000,0.75743964,1.48674942,1.81369404,PASS,PASS,PASS,12.22120000,messages/run_0013_message.txt,encoded/run_0013_encoded.txt
14,casual_01.txt,casual,415,3352,3905806925,2022 OCT 03 07:40:27 UTC,SATURN BARYCENTER,JUPITER BARYCENTER,1376241893.55726552,592485805.41961110,4118014155,11936128516859776366,65841,11583,5846,57.33835101,1724,2.61842925,29.49024974,1594,301,945,478,0,1160,2905,1781,0,1804,2261,1303,478,0.28536285,0.44378844,1.00000000,0.73161145,1.48674942,1.83154569,PASS,PASS,PASS,11.84830000,messages/run_0014_message.txt,encoded/run_0014_encoded.txt
15,casual_01.txt,casual,463,3736,3033732537,2029 APR 25 05:35:31 UTC,NEPTUNE BARYCENTER,URANUS BARYCENTER,4601940474.90123272,3001497093.61558342,2751543402,11936128515531120079,65841,11583,5846,63.90694492,1879,2.85384487,32.14163531,1731,334,1019,526,0,1160,2905,1781,0,1845,2220,1255,526,0.28536285,0.45387454,1.00000000,0.70466030,1.48674942,1.84470618,PASS,PASS,PASS,12.29710000,messages/run_0015_message.txt,encoded/run_0015_encoded.txt
16,reviews_unique_02.txt,reviews,288,2336,3134821121,2023 JUN 18 15:54:53 UTC,MERCURY BARYCENTER,JUPITER BARYCENTER,179254484.08926457,829747798.33455455,3082518141,11936128515807566808,71030,10872,4405,53.03064699,1196,1.68379558,27.15096481,1103,254,523,360,59,1063,1770,1365,207,1332,1501,1064,508,0.37522061,0.47017296,0.86832061,0.67684478,1.75455288,1.90548966,PASS,PASS,PASS,11.98640000,messages/run_0016_message.txt,encoded/run_0016_encoded.txt
17,reviews_unique_02.txt,reviews,327,2648,3601915123,2022 FEB 26 03:29:40 UTC,NEPTUNE BARYCENTER,MERCURY BARYCENTER,4618849016.80155468,166285005.82144529,4181481957,11936128517057150016,71030,10872,4405,60.11350738,1284,1.80768689,29.14869467,1186,294,567,354,69,1063,1770,1365,207,1336,1497,1080,492,0.37522061,0.47158489,0.86832061,0.68702290,1.75455288,1.90164569,PASS,PASS,PASS,11.91790000,messages/run_0017_message.txt,encoded/run_0017_encoded.txt
18,reviews_unique_02.txt,reviews,361,2920,1719516911,2033 MAR 06 05:47:29 UTC,MERCURY BARYCENTER,MARS BARYCENTER,95367374.54398087,182888618.55288574,1884874028,11936128519093698697,71030,10872,4405,66.28830874,1422,2.00197100,32.28149830,1312,329,637,382,74,1063,1770,1365,207,1371,1462,1057,515,0.37522061,0.48393929,0.86832061,0.67239186,1.75455288,1.90833446,PASS,PASS,PASS,13.79130000,messages/run_0018_message.txt,encoded/run_0018_encoded.txt
19,reviews_unique_02.txt,reviews,428,3456,1475782925,2024 AUG 07 20:16:54 UTC,VENUS BARYCENTER,MARS BARYCENTER,241977213.05297437,233920667.99446186,1510710528,11936128519793162405,71030,10872,4405,78.45629966,1712,2.41024919,38.86492622,1561,399,750,472,91,1063,1770,1365,207,1414,1419,984,588,0.37522061,0.49911754,0.86832061,0.62595420,1.75455288,1.92353755,PASS,PASS,PASS,11.90250000,messages/run_0019_message.txt,encoded/run_0019_encoded.txt
20,reviews_unique_02.txt,reviews,470,3792,1487389410,2022 AUG 27 10:44:23 UTC,NEPTUNE BARYCENTER,MARS BARYCENTER,4333323927.43056774,147328387.04872277,1600519035,11936128519710465758,71030,10872,4405,86.08399546,1901,2.67633394,43.15550511,1701,436,855,535,75,1063,1770,1365,207,1482,1351,905,667,0.37522061,0.52312037,0.86832061,0.57569975,1.75455288,1.93313624,PASS,PASS,PASS,12.14330000,messages/run_0020_message.txt,encoded/run_0020_encoded.txt
21,casual_05.txt,casual,295,2392,2192907512,2021 AUG 08 23:27:56 UTC,MERCURY BARYCENTER,URANUS BARYCENTER,201182256.04477763,2944597840.75720596,2458624615,11936128516429318082,70087,12364,6223,38.43805239,1199,1.71073095,19.26723445,1143,222,634,343,0,1259,3043,1921,0,1671,2631,1578,343,0.29265458,0.38842399,1.00000000,0.82144716,1.49456575,1.76687843,PASS,PASS,PASS,12.29700000,messages/run_0021_message.txt,encoded/run_0021_encoded.txt
22,casual_05.txt,casual,331,2680,2805701502,2024 MAY 17 17:18:36 UTC,MERCURY BARYCENTER,VENUS BARYCENTER,143221854.00331178,258149748.81450456,2382967538,11936128516236285783,70087,12364,6223,43.06604532,1325,1.89050751,21.29198136,1266,246,693,386,0,1259,3043,1921,0,1706,2596,1535,386,0.29265458,0.39655974,1.00000000,0.79906299,1.49456575,1.78490005,PASS,PASS,PASS,12.55200000,messages/run_0022_message.txt,encoded/run_0022_encoded.txt
23,casual_05.txt,casual,365,2952,1602194411,2021 OCT 21 05:31:47 UTC,VENUS BARYCENTER,MERCURY BARYCENTER,109730041.09136464,130070688.30826792,1325187794,11936128519452059511,70087,12364,6223,47.43692753,1457,2.07884486,23.41314479,1364,272,774,411,0,1259,3043,1921,0,1761,2541,1510,411,0.29265458,0.40934449,1.00000000,0.78604893,1.49456575,1.79768330,PASS,PASS,PASS,12.77850000,messages/run_0023_message.txt,encoded/run_0023_encoded.txt
24,casual_05.txt,casual,405,3272,666337373,2023 SEP 21 09:16:42 UTC,URANUS BARYCENTER,MERCURY BARYCENTER,2847172365.23405313,136930717.79334989,870370906,11936128518024686591,70087,12364,6223,52.57914189,1604,2.28858419,25.77534951,1501,306,856,442,0,1259,3043,1921,0,1809,2493,1479,442,0.29265458,0.42050209,1.00000000,0.76991150,1.49456575,1.81052084,PASS,PASS,PASS,12.65650000,messages/run_0024_message.txt,encoded/run_0024_encoded.txt
25,casual_05.txt,casual,467,3768,2856254608,2022 JUL 19 02:59:20 UTC,VENUS BARYCENTER,NEPTUNE BARYCENTER,224127064.58579159,4394915494.83210278,2230421965,11936128516062719080,70087,12364,6223,60.54957416,1875,2.67524648,30.13016230,1752,355,977,543,0,1259,3043,1921,0,1881,2421,1378,543,0.29265458,0.43723849,1.00000000,0.71733472,1.49456575,1.84027360,PASS,PASS,PASS,13.45930000,messages/run_0025_message.txt,encoded/run_0025_encoded.txt
26,casual_unique_04.txt,casual,263,2136,2162578258,2028 MAY 20 19:36:08 UTC,MARS BARYCENTER,URANUS BARYCENTER,360701607.76692975,3041256106.61596870,2366739822,11936128516186452171,64598,11140,4915,43.45879959,1038,1.60686089,21.11902340,1007,162,582,294,0,930,2473,1512,0,1350,2053,1218,294,0.27328828,0.39670879,1.00000000,0.80555556,1.47626310,1.77994551,PASS,PASS,PASS,11.83420000,messages/run_0026_message.txt,encoded/run_0026_encoded.txt
27,casual_unique_04.txt,casual,349,2824,1239731484,2023 JAN 23 17:42:09 UTC,SATURN BARYCENTER,VENUS BARYCENTER,1606563721.18748593,229222046.79199061,1574612223,11936128519672629594,64598,11140,4915,57.45676501,1400,2.16724976,28.48423194,1342,242,755,403,0,930,2473,1512,0,1443,1960,1109,403,0.27328828,0.42403761,1.00000000,0.73346561,1.47626310,1.82853243,PASS,PASS,PASS,11.46890000,messages/run_0027_message.txt,encoded/run_0027_encoded.txt
28,casual_unique_04.txt,casual,375,3032,3171624272,2025 FEB 09 13:13:06 UTC,MARS BARYCENTER,JUPITER BARYCENTER,108643218.19884527,698470662.75827050,2406577237,11936128516222145008,64598,11140,4915,61.68870804,1507,2.33288956,30.66124110,1460,239,827,441,0,930,2473,1512,0,1518,1885,1071,441,0.27328828,0.44607699,1.00000000,0.70833333,1.47626310,1.84487228,PASS,PASS,PASS,11.27520000,messages/run_0028_message.txt,encoded/run_0028_encoded.txt
29,casual_unique_04.txt,casual,415,3352,1550491276,2025 APR 02 03:54:51 UTC,SATURN BARYCENTER,MARS BARYCENTER,1577901683.34360003,172026707.33596474,1462800583,11936128519573419362,64598,11140,4915,68.19938962,1684,2.60689185,34.26246185,1610,293,916,475,0,930,2473,1512,0,1553,1850,1037,475,0.27328828,0.45636203,1.00000000,0.68584656,1.47626310,1.85520331,PASS,PASS,PASS,11.47200000,messages/run_0029_message.txt,encoded/run_0029_encoded.txt
30,casual_unique_04.txt,casual,441,3560,120338277,2026 MAY 02 00:08:27 UTC,NEPTUNE BARYCENTER,SATURN BARYCENTER,4587486408.86398125,1543305218.03373003,860306202,11936128518034988735,64598,11140,4915,72.43133266,1802,2.78956005,36.66327569,1705,315,980,507,0,930,2473,1512,0,1595,1808,1005,507,0.27328828,0.46870408,1.00000000,0.66468254,1.47626310,1.86393225,PASS,PASS,PASS,12.68410000,messages/run_0030_message.txt,encoded/run_0030_encoded.txt
31,cover_news_style.txt,news,286,2320,2837304020,2022 OCT 01 08:04:49 UTC,URANUS BARYCENTER,NEPTUNE BARYCENTER,2828632526.72558308,4330022523.32734299,2281694737,11936128516079895476,65419,9559,5987,38.75062636,1199,1.83280087,20.02672457,1119,172,684,328,15,943,3204,1775,65,1455,2692,1462,378,0.22739330,0.35085604,0.96467391,0.79456522,1.49355377,1.76276872,PASS,PASS,PASS,11.41240000,messages/run_0031_message.txt,encoded/run_0031_encoded.txt
32,cover_news_style.txt,news,313,2536,269934003,2023 NOV 25 13:09:42 UTC,URANUS BARYCENTER,VENUS BARYCENTER,2790613373.25838900,139977852.25695530,350092870,11936128518481009635,65419,9559,5987,42.35844329,1306,1.99636191,21.81393018,1218,201,754,337,14,943,3204,1775,65,1496,2651,1452,388,0.22739330,0.36074271,0.96467391,0.78913043,1.49355377,1.77185371,PASS,PASS,PASS,11.67280000,messages/run_0032_message.txt,encoded/run_0032_encoded.txt
33,cover_news_style.txt,news,350,2832,1694340988,2029 AUG 22 15:38:22 UTC,JUPITER BARYCENTER,VENUS BARYCENTER,893328347.36353123,173171957.25862399,1184419587,11936128519316007590,65419,9559,5987,47.30248873,1341,2.04986319,22.39853015,1236,198,775,352,16,943,3204,1775,65,1520,2627,1439,401,0.22739330,0.36653002,0.96467391,0.78206522,1.49355377,1.77915832,PASS,PASS,PASS,11.23330000,messages/run_0033_message.txt,encoded/run_0033_encoded.txt
34,cover_news_style.txt,news,443,3576,702657646,2030 JUL 22 00:55:49 UTC,MARS BARYCENTER,VENUS BARYCENTER,378721206.58516115,227764304.63350609,468671528,11936128518696139149,65419,9559,5987,59.72941373,1781,2.72245066,29.74778687,1588,222,1015,520,24,943,3204,1775,65,1736,2411,1279,561,0.22739330,0.41861587,0.96467391,0.69510870,1.49355377,1.84210287,PASS,PASS,PASS,11.68710000,messages/run_0034_message.txt,encoded/run_0034_encoded.txt
35,cover_news_style.txt,news,456,3680,601117729,2034 MAR 22 08:38:52 UTC,MARS BARYCENTER,MERCURY BARYCENTER,305128154.96556091,166939369.82326475,128042684,11936128518221751065,65419,9559,5987,61.46651077,1872,2.86155398,31.26774678,1681,255,1078,516,23,943,3204,1775,65,1766,2381,1282,558,0.22739330,0.42585001,0.96467391,0.69673913,1.49355377,1.84377152,PASS,PASS,PASS,12.31800000,messages/run_0035_message.txt,encoded/run_0035_encoded.txt
36,news_unique_04.txt,news,263,2136,1468522921,2021 APR 10 07:37:15 UTC,NEPTUNE BARYCENTER,JUPITER BARYCENTER,4607339294.17956638,831800648.98950529,1509529162,11936128519737455599,76114,11165,6613,32.30001512,1038,1.36374386,15.69635566,1002,196,559,253,30,1291,3394,1784,144,1654,3031,1561,367,0.27556030,0.35304162,0.92531120,0.80964730,1.58413777,1.73908504,PASS,PASS,PASS,12.70020000,messages/run_0036_message.txt,encoded/run_0036_encoded.txt
37,news_unique_04.txt,news,317,2568,1766458462,2024 OCT 09 07:40:01 UTC,JUPITER BARYCENTER,MARS BARYCENTER,680628672.60043192,176956740.54570580,1547293699,11936128519691334054,76114,11165,6613,38.83260245,1266,1.66329453,19.14411009,1215,207,708,318,33,1291,3394,1784,144,1792,2893,1499,429,0.27556030,0.38249733,0.92531120,0.77748963,1.58413777,1.77362824,PASS,PASS,PASS,12.74110000,messages/run_0037_message.txt,encoded/run_0037_encoded.txt
38,news_unique_04.txt,news,352,2848,299909569,2024 NOV 22 15:02:48 UTC,JUPITER BARYCENTER,URANUS BARYCENTER,616223558.13245451,2779101958.05052328,443019465,11936128518720738668,76114,11165,6613,43.06668683,1410,1.85248443,21.32163920,1340,242,788,349,31,1291,3394,1784,144,1837,2848,1466,462,0.27556030,0.39210245,0.92531120,0.76037344,1.58413777,1.78678844,PASS,PASS,PASS,12.79760000,messages/run_0038_message.txt,encoded/run_0038_encoded.txt
39,news_unique_04.txt,news,408,3296,2222693822,2023 JUL 19 15:02:08 UTC,VENUS BARYCENTER,SATURN BARYCENTER,55514771.31662809,1343428819.75436902,2258867140,11936128516091164257,76114,11165,6613,49.84122184,1655,2.17437002,25.02646303,1553,299,900,417,39,1291,3394,1784,144,1892,2793,1406,522,0.27556030,0.40384205,0.92531120,0.72925311,1.58413777,1.80578321,PASS,PASS,PASS,12.86350000,messages/run_0039_message.txt,encoded/run_0039_encoded.txt
40,news_unique_04.txt,news,477,3848,1990478086,2033 FEB 02 03:00:05 UTC,VENUS BARYCENTER,URANUS BARYCENTER,74277155.20300713,2738928780.10529661,1707849652,11936128518731993617,76114,11165,6613,58.18841675,1991,2.61581312,30.10736428,1859,349,1101,491,50,1291,3394,1784,144,2043,2642,1343,585,0.27556030,0.43607257,0.92531120,0.69657676,1.58413777,1.82893335,PASS,PASS,PASS,13.13780000,messages/run_0040_message.txt,encoded/run_0040_encoded.txt
41,business_05.txt,business,250,2032,653950828,2020 OCT 10 13:55:42 UTC,JUPITER BARYCENTER,SATURN BARYCENTER,749583704.11729705,1468491276.47952032,602619294,11936128517756852283,62291,8752,7119,28.54333474,1071,1.71934950,15.04424779,1013,87,643,315,26,714,3964,2268,173,1270,3408,1979,462,0.15262933,0.27148354,0.92912741,0.81073331,1.45916968,1.72188271,PASS,PASS,PASS,11.22360000,messages/run_0041_message.txt,encoded/run_0041_encoded.txt
42,business_05.txt,business,316,2560,1444357487,2023 SEP 13 20:04:06 UTC,URANUS BARYCENTER,MARS BARYCENTER,2863461057.58589983,376527568.02018225,2142250031,11936128519162397066,62291,8752,7119,35.96010676,1290,2.07092517,18.12052255,1212,113,757,388,32,714,3964,2268,173,1358,3320,1912,529,0.15262933,0.29029500,0.92912741,0.78328554,1.45916968,1.75723024,PASS,PASS,PASS,11.58540000,messages/run_0042_message.txt,encoded/run_0042_encoded.txt
43,business_05.txt,business,357,2888,1489151940,2035 JUN 12 15:14:45 UTC,VENUS BARYCENTER,MERCURY BARYCENTER,246043196.49543756,104884047.52732572,2137572556,11936128519174447465,62291,8752,7119,40.56749543,1451,2.32938948,20.38207613,1348,113,876,421,41,714,3964,2268,173,1477,3201,1888,553,0.15262933,0.31573322,0.92912741,0.77345350,1.45916968,1.78343425,PASS,PASS,PASS,11.89380000,messages/run_0043_message.txt,encoded/run_0043_encoded.txt
44,business_05.txt,business,410,3312,2321710828,2031 AUG 22 07:13:57 UTC,MARS BARYCENTER,NEPTUNE BARYCENTER,153387292.83397397,4359512291.09097195,3110611624,11936128515986788109,62291,8752,7119,46.52338812,1639,2.63119873,23.02289647,1513,143,994,463,39,714,3964,2268,173,1565,3113,1844,597,0.15262933,0.33454468,0.92912741,0.75542810,1.45916968,1.80695784,PASS,PASS,PASS,12.49140000,messages/run_0044_message.txt,encoded/run_0044_encoded.txt
45,business_05.txt,business,474,3824,276717870,2035 JAN 23 12:07:34 UTC,MARS BARYCENTER,URANUS BARYCENTER,287034692.43976575,2691834845.09278488,697298731,11936128517855136398,62291,8752,7119,53.71540947,1897,3.04538376,26.64700098,1741,174,1111,558,54,714,3964,2268,173,1651,3027,1764,677,0.15262933,0.35292860,0.92912741,0.72265465,1.45916968,1.83511622,PASS,PASS,PASS,12.74080000,messages/run_0045_message.txt,encoded/run_0045_encoded.txt
46,business_01.txt,business,291,2360,3489632811,2034 DEC 09 13:58:48 UTC,JUPITER BARYCENTER,NEPTUNE BARYCENTER,685128310.84492779,4383682451.24672222,3383422329,11936128517316495580,65461,9152,7453,31.66510130,1200,1.83315256,16.10089897,1135,109,709,363,19,740,4154,2378,181,1340,3554,2034,525,0.15120556,0.27380466,0.92926925,0.79484174,1.45699105,1.73546306,PASS,PASS,PASS,13.39490000,messages/run_0046_message.txt,encoded/run_0046_encoded.txt
47,business_01.txt,business,337,2728,2264604100,2020 FEB 17 06:38:16 UTC,VENUS BARYCENTER,NEPTUNE BARYCENTER,146537763.07753202,4616735663.55544186,2376978032,11936128516175195093,65461,9152,7453,36.60271032,1343,2.05160324,18.01958943,1258,122,800,386,35,740,4154,2378,181,1418,3476,2027,532,0.15120556,0.28974254,0.92926925,0.79210629,1.45699105,1.75141612,PASS,PASS,PASS,12.44220000,messages/run_0047_message.txt,encoded/run_0047_encoded.txt
48,business_01.txt,business,399,3224,497290479,2026 FEB 01 14:58:27 UTC,MARS BARYCENTER,VENUS BARYCENTER,355743538.76505542,254189719.71470532,454607373,11936128518703638440,65461,9152,7453,43.25774856,1614,2.46559020,21.65570911,1500,146,964,463,41,740,4154,2378,181,1558,3336,1956,603,0.15120556,0.31834900,0.92926925,0.76436108,1.45699105,1.79112803,PASS,PASS,PASS,13.88430000,messages/run_0048_message.txt,encoded/run_0048_encoded.txt
49,business_01.txt,business,425,3432,2081347922,2028 NOV 11 18:37:08 UTC,NEPTUNE BARYCENTER,MERCURY BARYCENTER,4358728413.55958176,211300898.65538496,2016492837,11936128519221057664,65461,9152,7453,46.04857105,1748,2.67029224,23.45364283,1601,165,1031,498,54,740,4154,2378,181,1606,3288,1934,625,0.15120556,0.32815693,0.92926925,0.75576397,1.45699105,1.80290389,PASS,PASS,PASS,13.67180000,messages/run_0049_message.txt,encoded/run_0049_encoded.txt
50,business_01.txt,business,476,3840,2974866959,2028 AUG 24 15:10:56 UTC,NEPTUNE BARYCENTER,SATURN BARYCENTER,4344962492.10499954,1321163694.80424500,3216569116,11936128515941684921,65461,9152,7453,51.52287669,1955,2.98651105,26.23104790,1772,162,1162,586,45,740,4154,2378,181,1740,3154,1837,722,0.15120556,0.35553739,0.92926925,0.71785854,1.45699105,1.83924457,PASS,PASS,PASS,12.80200000,messages/run_0050_message.txt,encoded/run_0050_encoded.txt
51,casual_02.txt,casual,281,2280,248718628,2023 JAN 08 15:53:35 UTC,SATURN BARYCENTER,JUPITER BARYCENTER,1588954139.11743760,767318931.44175231,662318925,11936128517699242728,64277,11283,5711,39.92295570,1155,1.79691025,20.22412887,1097,224,613,318,0,1147,2845,1719,0,1536,2456,1401,318,0.28732465,0.38476954,1.00000000,0.81500873,1.48731208,1.76243888,PASS,PASS,PASS,11.18660000,messages/run_0051_message.txt,encoded/run_0051_encoded.txt
52,casual_02.txt,casual,310,2512,2704095806,2029 MAY 21 07:09:59 UTC,JUPITER BARYCENTER,MARS BARYCENTER,696645638.77544570,130285827.50992016,3043945197,11936128515785314120,64277,11283,5711,43.98529154,1224,1.90425813,21.43232359,1161,188,678,358,0,1147,2845,1719,0,1637,2355,1361,358,0.28732465,0.41007014,1.00000000,0.79173938,1.48731208,1.78728912,PASS,PASS,PASS,11.50730000,messages/run_0052_message.txt,encoded/run_0052_encoded.txt
53,casual_02.txt,casual,351,2840,2711040867,2029 JAN 18 06:24:36 UTC,MERCURY BARYCENTER,SATURN BARYCENTER,99677368.64022443,1352791355.37809682,3158890298,11936128515938546335,64277,11283,5711,49.72859394,1375,2.13917887,24.07634390,1284,259,746,370,0,1147,2845,1719,0,1634,2358,1349,370,0.28732465,0.40931864,1.00000000,0.78475858,1.48731208,1.79099694,PASS,PASS,PASS,11.57870000,messages/run_0053_message.txt,encoded/run_0053_encoded.txt
54,casual_02.txt,casual,415,3352,662776156,2035 APR 08 06:31:42 UTC,MERCURY BARYCENTER,NEPTUNE BARYCENTER,197886489.85553429,4612926843.57595825,489235587,11936128518599770406,64277,11283,5711,58.69374891,1667,2.59346267,29.18928384,1550,302,910,455,0,1147,2845,1719,0,1755,2237,1264,455,0.28732465,0.43962926,1.00000000,0.73531123,1.48731208,1.82509470,PASS,PASS,PASS,11.48550000,messages/run_0054_message.txt,encoded/run_0054_encoded.txt
55,casual_02.txt,casual,460,3712,2464960186,2034 JAN 12 08:47:05 UTC,VENUS BARYCENTER,JUPITER BARYCENTER,255795335.13041130,842642938.68903780,2431011942,11936128516397197763,64277,11283,5711,64.99737349,1867,2.90461596,32.69129750,1697,353,1007,507,0,1147,2845,1719,0,1801,2191,1212,507,0.28732465,0.45115230,1.00000000,0.70506108,1.48731208,1.84006739,PASS,PASS,PASS,11.36410000,messages/run_0055_message.txt,encoded/run_0055_encoded.txt
56,technical_unique_03.txt,technical,286,2320,1291985675,2025 OCT 06 17:34:04 UTC,VENUS BARYCENTER,SATURN BARYCENTER,228835934.01344940,1283981137.06067300,1987875600,11936128519057782453,72682,10966,5163,44.93511524,1136,1.56297295,22.00271160,1081,175,635,326,0,862,2700,1601,0,1322,2240,1275,326,0.24199888,0.37113981,1.00000000,0.79637726,1.44406635,1.77584865,PASS,PASS,PASS,12.74950000,messages/run_0056_message.txt,encoded/run_0056_encoded.txt
57,technical_unique_03.txt,technical,294,2384,1019568379,2028 MAY 19 22:40:23 UTC,SATURN BARYCENTER,MERCURY BARYCENTER,1521358865.56296992,96736189.74620350,370513501,11936128518518223864,72682,10966,5163,46.17470463,1195,1.64414848,23.14545807,1122,185,677,333,0,862,2700,1601,0,1354,2208,1268,333,0.24199888,0.38012353,1.00000000,0.79200500,1.44406635,1.78303375,PASS,PASS,PASS,11.93630000,messages/run_0057_message.txt,encoded/run_0057_encoded.txt
58,technical_unique_03.txt,technical,388,3136,3677824514,2035 FEB 04 13:08:48 UTC,NEPTUNE BARYCENTER,VENUS BARYCENTER,4525382112.09051991,139260124.47897413,3697045262,11936128517549968043,72682,10966,5163,60.73987991,1576,2.16834980,30.52488863,1459,245,882,449,0,862,2700,1601,0,1499,2063,1152,449,0.24199888,0.42083099,1.00000000,0.71955028,1.44406635,1.83611533,PASS,PASS,PASS,12.69230000,messages/run_0058_message.txt,encoded/run_0058_encoded.txt
59,technical_unique_03.txt,technical,418,3376,565252945,2024 NOV 20 10:00:02 UTC,VENUS BARYCENTER,URANUS BARYCENTER,156636123.15617138,2778633602.93937826,269275281,11936128518551336244,72682,10966,5163,65.38834011,1731,2.38160755,33.52701917,1591,283,975,473,0,862,2700,1601,0,1554,2008,1128,473,0.24199888,0.43627176,1.00000000,0.70455965,1.44406635,1.84661066,PASS,PASS,PASS,12.69410000,messages/run_0059_message.txt,encoded/run_0059_encoded.txt
60,technical_unique_03.txt,technical,489,3944,1180105194,2023 NOV 08 16:54:30 UTC,MERCURY BARYCENTER,VENUS BARYCENTER,208082304.37465459,121540972.98303586,1191354091,11936128519306165070,72682,10966,5163,76.38969591,1993,2.74208195,38.60158822,1804,297,1120,576,0,862,2700,1601,0,1685,1877,1025,576,0.24199888,0.47304885,1.00000000,0.64022486,1.44406635,1.87400051,PASS,PASS,PASS,12.43560000,messages/run_0060_message.txt,encoded/run_0060_encoded.txt
61,narrative_unique_03.txt,narrative,290,2352,1463053400,2025 NOV 27 18:46:50 UTC,JUPITER BARYCENTER,VENUS BARYCENTER,672853518.59882116,250864502.14910915,2018791718,11936128519227176067,74145,12524,6165,38.15085158,1201,1.61979904,19.48094079,1154,138,772,280,11,841,3704,1553,67,1475,3070,1284,336,0.18503850,0.32453245,0.95864198,0.79259259,1.40560419,1.69475283,PASS,PASS,PASS,12.88200000,messages/run_0061_message.txt,encoded/run_0061_encoded.txt
62,narrative_unique_03.txt,narrative,329,2664,1030013200,2033 MAY 02 10:00:16 UTC,MARS BARYCENTER,JUPITER BARYCENTER,105494812.10151187,794233721.16608846,655791089,11936128517696337492,74145,12524,6165,43.21167883,1321,1.78164408,21.42741281,1259,160,839,303,19,841,3704,1553,67,1520,3025,1269,351,0.18503850,0.33443344,0.95864198,0.78333333,1.40560419,1.70684347,PASS,PASS,PASS,12.85690000,messages/run_0062_message.txt,encoded/run_0062_encoded.txt
63,narrative_unique_03.txt,narrative,344,2784,3357826954,2031 MAR 21 03:23:37 UTC,SATURN BARYCENTER,VENUS BARYCENTER,1413770559.16595936,186142033.05749848,3386304001,11936128517323047844,74145,12524,6165,45.15815085,1445,1.94888394,23.43876723,1360,193,930,303,19,841,3704,1553,67,1578,2967,1269,351,0.18503850,0.34719472,0.95864198,0.78333333,1.40560419,1.71579760,PASS,PASS,PASS,12.98330000,messages/run_0063_message.txt,encoded/run_0063_encoded.txt
64,narrative_unique_03.txt,narrative,437,3528,2833726329,2023 MAR 01 09:05:58 UTC,VENUS BARYCENTER,MARS BARYCENTER,204879329.75992802,171757727.08002940,2898823373,11936128515661704552,74145,12524,6165,57.22627737,1830,2.46813676,29.68369830,1697,214,1166,428,22,841,3704,1553,67,1793,2752,1147,473,0.18503850,0.39449945,0.95864198,0.70802469,1.40560419,1.77321825,PASS,PASS,PASS,13.97080000,messages/run_0064_message.txt,encoded/run_0064_encoded.txt
65,narrative_unique_03.txt,narrative,449,3624,1555542159,2020 JAN 15 04:11:15 UTC,JUPITER BARYCENTER,MERCURY BARYCENTER,922817125.05519819,210856095.61371902,1853099694,11936128518923070219,74145,12524,6165,58.78345499,1816,2.44925484,29.45660989,1668,218,1175,411,12,841,3704,1553,67,1798,2747,1154,466,0.18503850,0.39559956,0.95864198,0.71234568,1.40560419,1.77224864,PASS,PASS,PASS,13.40310000,messages/run_0065_message.txt,encoded/run_0065_encoded.txt
66,instructions_02.txt,instructions,289,2344,3789995168,2029 AUG 03 16:20:47 UTC,SATURN BARYCENTER,URANUS BARYCENTER,1394037928.51516175,2965817133.82705927,3346458933,11936128517161569424,64195,10645,4168,56.23800384,1190,1.85372693,28.55086372,1114,218,569,336,67,807,1839,1325,197,1158,1488,1056,466,0.30498866,0.43764172,0.87056505,0.69382392,1.71316811,1.89910524,PASS,PASS,PASS,11.71820000,messages/run_0066_message.txt,encoded/run_0066_encoded.txt
67,instructions_02.txt,instructions,340,2752,3778387712,2029 MAY 14 09:25:17 UTC,URANUS BARYCENTER,NEPTUNE BARYCENTER,3024144783.64751816,4574936471.58103561,3279265442,11936128517228477191,64195,10645,4168,66.02687140,1348,2.09985201,32.34165067,1262,264,646,372,66,807,1839,1325,197,1189,1457,1019,503,0.30498866,0.44935752,0.87056505,0.66951380,1.71316811,1.91129517,PASS,PASS,PASS,13.52570000,messages/run_0067_message.txt,encoded/run_0067_encoded.txt
68,instructions_02.txt,instructions,348,2816,1222098553,2028 JUN 12 22:19:54 UTC,SATURN BARYCENTER,MARS BARYCENTER,1487459801.35803056,358728740.89925361,1235827399,11936128519463804770,64195,10645,4168,67.56238004,1377,2.14502687,33.03742802,1281,253,665,394,65,807,1839,1325,197,1219,1427,996,526,0.30498866,0.46069539,0.87056505,0.65440210,1.71316811,1.91851897,PASS,PASS,PASS,12.37450000,messages/run_0068_message.txt,encoded/run_0068_encoded.txt
69,instructions_02.txt,instructions,404,3264,1174322655,2025 FEB 26 13:15:21 UTC,NEPTUNE BARYCENTER,MARS BARYCENTER,4610213592.96408176,126067834.10993087,1871862363,11936128518896222206,64195,10645,4168,78.31094050,1665,2.59365994,39.94721689,1515,282,787,505,91,807,1839,1325,197,1312,1334,911,611,0.30498866,0.49584278,0.87056505,0.59855453,1.71316811,1.93655274,PASS,PASS,PASS,10.96240000,messages/run_0069_message.txt,encoded/run_0069_encoded.txt
70,instructions_02.txt,instructions,457,3688,113407570,2027 MAR 28 02:01:11 UTC,NEPTUNE BARYCENTER,URANUS BARYCENTER,4618105993.72294617,2985526185.78925800,888032832,11936128517941226469,64195,10645,4168,88.48368522,1807,2.81486097,43.35412668,1648,319,861,530,97,807,1839,1325,197,1349,1297,892,630,0.30498866,0.50982615,0.87056505,0.58607096,1.71316811,1.93886424,PASS,PASS,PASS,11.17360000,messages/run_0070_message.txt,encoded/run_0070_encoded.txt
71,business_unique_05.txt,business,271,2200,2678927073,2030 JUN 06 11:14:18 UTC,URANUS BARYCENTER,MARS BARYCENTER,3022512458.58566093,378860019.95722383,3047993979,11936128515772585950,68404,9789,6236,35.27902502,1122,1.64025496,17.99230276,1070,113,689,299,21,677,3552,1903,104,1253,2976,1625,382,0.16008513,0.29628754,0.94818137,0.80966617,1.43131767,1.72690468,PASS,PASS,PASS,11.86990000,messages/run_0071_message.txt,encoded/run_0071_encoded.txt
72,business_unique_05.txt,business,324,2624,2863723666,2021 DEC 25 22:28:35 UTC,MARS BARYCENTER,SATURN BARYCENTER,354902782.16895247,1599171200.41101074,3146681722,11936128516009699551,68404,9789,6236,42.07825529,1323,1.93409742,21.21552277,1257,131,809,362,21,677,3552,1903,104,1355,2874,1562,445,0.16008513,0.32040672,0.94818137,0.77827603,1.43131767,1.76564836,PASS,PASS,PASS,12.02220000,messages/run_0072_message.txt,encoded/run_0072_encoded.txt
73,business_unique_05.txt,business,356,2880,1800518838,2033 APR 25 00:36:32 UTC,MERCURY BARYCENTER,JUPITER BARYCENTER,190236615.25911862,810165875.85487711,1511714421,11936128519794281424,68404,9789,6236,46.18345093,1452,2.12268288,23.28415651,1356,147,901,384,20,677,3552,1903,104,1431,2798,1539,468,0.16008513,0.33837787,0.94818137,0.76681614,1.43131767,1.78465685,PASS,PASS,PASS,12.26110000,messages/run_0073_message.txt,encoded/run_0073_encoded.txt
74,business_unique_05.txt,business,423,3416,2943112504,2026 OCT 14 19:15:28 UTC,URANUS BARYCENTER,SATURN BARYCENTER,2798391383.14729834,1264151295.25557017,3090902480,11936128516000499829,68404,9789,6236,54.77870430,1746,2.55248231,27.99871713,1599,184,1062,464,36,677,3552,1903,104,1555,2674,1475,532,0.16008513,0.36769922,0.94818137,0.73492775,1.43131767,1.81838322,PASS,PASS,PASS,12.63830000,messages/run_0074_message.txt,encoded/run_0074_encoded.txt
75,business_unique_05.txt,business,485,3912,1779484785,2035 MAY 01 10:22:12 UTC,MERCURY BARYCENTER,MARS BARYCENTER,130263823.49767108,160898595.54907796,1488906230,11936128519749976659,68404,9789,6236,62.73252085,1959,2.86386761,31.41436818,1794,183,1180,562,34,677,3552,1903,104,1674,2555,1375,632,0.16008513,0.39583826,0.94818137,0.68510214,1.43131767,1.85239824,PASS,PASS,PASS,12.25780000,messages/run_0075_message.txt,encoded/run_0075_encoded.txt
76,academic_unique_01.txt,academic,254,2064,1734268210,2034 JAN 03 00:11:49 UTC,URANUS BARYCENTER,JUPITER BARYCENTER,2689793981.47157049,826161364.55073142,1599114072,11936128519713926909,65027,8521,4446,46.42375169,1051,1.61625171,23.63922627,988,101,514,432,4,477,2054,1899,16,890,1641,1471,444,0.18846306,0.35163967,0.99164491,0.76814621,1.41361476,1.85517329,PASS,PASS,PASS,11.32310000,messages/run_0076_message.txt,encoded/run_0076_encoded.txt
77,academic_unique_01.txt,academic,315,2552,2084087760,2031 OCT 23 06:11:57 UTC,NEPTUNE BARYCENTER,JUPITER BARYCENTER,4321996346.26861477,856705116.86833978,1273871214,11936128519501258443,65027,8521,4446,57.39991003,1279,1.96687530,28.76743140,1199,120,649,503,7,477,2054,1899,16,1006,1525,1403,512,0.18846306,0.39747136,0.99164491,0.73263708,1.41361476,1.89879198,PASS,PASS,PASS,11.10180000,messages/run_0077_message.txt,encoded/run_0077_encoded.txt
78,academic_unique_01.txt,academic,387,3128,2049090238,2034 JUL 13 05:13:53 UTC,SATURN BARYCENTER,NEPTUNE BARYCENTER,1505599538.44633627,4465139437.57026196,1259455229,11936128519508354904,65027,8521,4446,70.35537562,1542,2.37132268,34.68286100,1434,146,775,615,6,477,2054,1899,16,1106,1425,1290,625,0.18846306,0.43698143,0.99164491,0.67362924,1.41361476,1.94130842,PASS,PASS,PASS,11.44790000,messages/run_0078_message.txt,encoded/run_0078_encoded.txt
79,academic_unique_01.txt,academic,406,3280,727463180,2027 APR 19 15:31:07 UTC,MARS BARYCENTER,MERCURY BARYCENTER,146138538.40551922,196038331.73371041,981066601,11936128518185567948,65027,8521,4446,73.77417904,1652,2.54048318,37.15699505,1504,184,835,630,3,477,2054,1899,16,1128,1403,1272,643,0.18846306,0.44567365,0.99164491,0.66422977,1.41361476,1.94709994,PASS,PASS,PASS,11.22750000,messages/run_0079_message.txt,encoded/run_0079_encoded.txt
80,academic_unique_01.txt,academic,480,3872,202096962,2034 JUN 16 10:17:00 UTC,JUPITER BARYCENTER,SATURN BARYCENTER,767133017.20700645,1488805744.38251996,674300777,11936128517878884044,65027,8521,4446,87.08951867,1905,2.92955234,42.84750337,1721,173,975,749,8,477,2054,1899,16,1279,1252,1158,757,0.18846306,0.50533386,0.99164491,0.60469974,1.41361476,1.97233621,PASS,PASS,PASS,11.29930000,messages/run_0080_message.txt,encoded/run_0080_encoded.txt
81,instructions_unique_03.txt,instructions,252,2048,1923749570,2023 FEB 06 17:24:39 UTC,MERCURY BARYCENTER,URANUS BARYCENTER,167388881.44788730,2944787776.98169947,1572677347,11936128519665910598,71077,11730,4720,43.38983051,1035,1.45616726,21.92796610,997,142,570,308,15,681,2415,1522,102,1109,1987,1229,395,0.21996124,0.35820413,0.93719212,0.75677340,1.54369425,1.82138986,PASS,PASS,PASS,11.96360000,messages/run_0081_message.txt,encoded/run_0081_encoded.txt
82,instructions_unique_03.txt,instructions,334,2704,3190580719,2023 SEP 11 21:33:21 UTC,JUPITER BARYCENTER,URANUS BARYCENTER,649421125.76767743,2867842798.20781851,2227779428,11936128516064318145,71077,11730,4720,57.28813559,1336,1.87965165,28.30508475,1275,190,720,392,34,681,2415,1522,102,1211,1885,1164,460,0.21996124,0.39114987,0.93719212,0.71674877,1.54369425,1.85782974,PASS,PASS,PASS,12.17530000,messages/run_0082_message.txt,encoded/run_0082_encoded.txt
83,instructions_unique_03.txt,instructions,380,3072,3066813242,2033 APR 12 00:19:02 UTC,URANUS BARYCENTER,VENUS BARYCENTER,2900464228.74371195,52240575.06720376,2504869162,11936128516324122767,71077,11730,4720,65.08474576,1481,2.08365575,31.37711864,1399,183,832,434,32,681,2415,1522,102,1330,1766,1120,504,0.21996124,0.42958656,0.93719212,0.68965517,1.54369425,1.88262449,PASS,PASS,PASS,13.14640000,messages/run_0083_message.txt,encoded/run_0083_encoded.txt
84,instructions_unique_03.txt,instructions,444,3584,3273834853,2029 JUN 10 16:56:56 UTC,URANUS BARYCENTER,MERCURY BARYCENTER,3032209672.86721373,128870606.44877593,4028521335,11936128516941938386,71077,11730,4720,75.93220339,1775,2.49729167,37.60593220,1654,223,987,523,42,681,2415,1522,102,1445,1651,1041,583,0.21996124,0.46673127,0.93719212,0.64100985,1.54369425,1.90655152,PASS,PASS,PASS,12.97040000,messages/run_0084_message.txt,encoded/run_0084_encoded.txt
85,instructions_unique_03.txt,instructions,452,3648,3203170632,2030 MAY 25 20:51:42 UTC,JUPITER BARYCENTER,SATURN BARYCENTER,658646766.22150993,1511536678.71391726,2237942256,11936128516053134421,71077,11730,4720,77.28813559,1857,2.61265951,39.34322034,1729,245,1035,536,41,681,2415,1522,102,1471,1625,1027,597,0.21996124,0.47512920,0.93719212,0.63238916,1.54369425,1.90987763,PASS,PASS,PASS,14.27870000,messages/run_0085_message.txt,encoded/run_0085_encoded.txt
86,reviews_unique_05.txt,reviews,285,2312,3016545271,2024 MAY 26 13:42:26 UTC,VENUS BARYCENTER,SATURN BARYCENTER,259197615.20579556,1476139332.78439617,2236515002,11936128516055836447,71572,10971,4424,52.26039783,1129,1.57743252,25.51989150,1052,256,482,336,55,1080,1728,1404,212,1306,1502,1123,493,0.38461538,0.46509972,0.86881188,0.69492574,1.76190307,1.90361802,PASS,PASS,PASS,14.81640000,messages/run_0086_message.txt,encoded/run_0086_encoded.txt
87,reviews_unique_05.txt,reviews,318,2576,1380525220,2029 JAN 14 22:18:00 UTC,URANUS BARYCENTER,JUPITER BARYCENTER,2778181655.57425022,805791305.41090310,1191358582,11936128519306155475,71572,10971,4424,58.22784810,1275,1.78142290,28.82007233,1187,271,550,383,71,1080,1728,1404,212,1359,1449,1092,524,0.38461538,0.48397436,0.86881188,0.67574257,1.76190307,1.91325040,PASS,PASS,PASS,12.64410000,messages/run_0087_message.txt,encoded/run_0087_encoded.txt
88,reviews_unique_05.txt,reviews,351,2840,406684729,2021 MAR 16 17:11:57 UTC,SATURN BARYCENTER,NEPTUNE BARYCENTER,1591189716.89994383,4624915960.27847290,72658747,11936128518220483230,71572,10971,4424,64.19529837,1427,1.99379646,32.25587703,1332,309,616,428,74,1080,1728,1404,212,1387,1421,1050,566,0.38461538,0.49394587,0.86881188,0.64975248,1.76190307,1.92290903,PASS,PASS,PASS,11.84560000,messages/run_0088_message.txt,encoded/run_0088_encoded.txt
89,reviews_unique_05.txt,reviews,447,3608,296736494,2035 MAR 20 06:41:35 UTC,JUPITER BARYCENTER,NEPTUNE BARYCENTER,878669208.38326871,4601559226.48498821,410014215,11936128518688470946,71572,10971,4424,81.55515371,1791,2.50237523,40.48372514,1611,383,766,541,101,1080,1728,1404,212,1463,1345,964,652,0.38461538,0.52101140,0.86881188,0.59653465,1.76190307,1.93628646,PASS,PASS,PASS,12.19860000,messages/run_0089_message.txt,encoded/run_0089_encoded.txt
90,reviews_unique_05.txt,reviews,452,3648,711103657,2022 OCT 19 02:03:41 UTC,VENUS BARYCENTER,JUPITER BARYCENTER,256882309.70058268,603135575.27605546,798623116,11936128517822980137,71572,10971,4424,82.45931284,1767,2.46884256,39.94122966,1600,393,752,515,107,1080,1728,1404,212,1439,1369,996,620,0.38461538,0.51246439,0.86881188,0.61633663,1.76190307,1.93229824,PASS,PASS,PASS,12.07440000,messages/run_0090_message.txt,encoded/run_0090_encoded.txt
91,narrative_unique_05.txt,narrative,266,2160,2041623912,2025 JAN 17 10:37:36 UTC,NEPTUNE BARYCENTER,URANUS BARYCENTER,4543746218.42644310,2857735585.80983210,1518497693,11936128519784352312,72558,12268,6009,35.94608088,1116,1.53807988,18.57214179,1064,139,708,257,12,800,3646,1497,66,1369,3077,1252,311,0.17993702,0.30791723,0.95777351,0.80102367,1.39564651,1.67321948,PASS,PASS,PASS,12.49850000,messages/run_0091_message.txt,encoded/run_0091_encoded.txt
92,narrative_unique_05.txt,narrative,302,2448,3642395529,2030 JAN 16 20:24:52 UTC,MARS BARYCENTER,NEPTUNE BARYCENTER,319996620.31029969,4510077740.59231281,3569064836,11936128517401361953,72558,12268,6009,40.73889166,1229,1.69381736,20.45265435,1173,148,807,253,21,800,3646,1497,66,1459,2987,1265,298,0.17993702,0.32816014,0.95777351,0.80934101,1.39564651,1.68527576,PASS,PASS,PASS,12.35070000,messages/run_0092_message.txt,encoded/run_0092_encoded.txt
93,narrative_unique_05.txt,narrative,392,3168,669533406,2034 MAR 20 21:27:48 UTC,SATURN BARYCENTER,URANUS BARYCENTER,1308132650.57310700,2824744395.99016762,714875695,11936128517906466442,72558,12268,6009,52.72091862,1599,2.20375424,26.61008487,1498,189,1025,363,22,800,3646,1497,66,1636,2810,1156,407,0.17993702,0.36797121,0.95777351,0.73960333,1.39564651,1.74434341,PASS,PASS,PASS,12.52780000,messages/run_0093_message.txt,encoded/run_0093_encoded.txt
94,narrative_unique_05.txt,narrative,404,3264,2777360680,2031 OCT 04 06:12:36 UTC,NEPTUNE BARYCENTER,VENUS BARYCENTER,4315988571.08312607,84507471.64527005,2969307556,11936128515861752833,72558,12268,6009,54.31852222,1694,2.33468398,28.19104676,1586,204,1103,371,16,800,3646,1497,66,1699,2747,1142,421,0.17993702,0.38214125,0.95777351,0.73064619,1.39564651,1.75549814,PASS,PASS,PASS,12.72210000,messages/run_0094_message.txt,encoded/run_0094_encoded.txt
95,narrative_unique_05.txt,narrative,492,3968,2102287104,2027 APR 19 12:08:17 UTC,MARS BARYCENTER,JUPITER BARYCENTER,145967755.54101783,743995462.72477174,2117422046,11936128519187263099,72558,12268,6009,66.03428191,2074,2.85840293,34.51489433,1912,255,1343,453,23,800,3646,1497,66,1888,2558,1067,496,0.17993702,0.42465137,0.95777351,0.68266155,1.39564651,1.78911493,PASS,PASS,PASS,12.52150000,messages/run_0095_message.txt,encoded/run_0095_encoded.txt
96,general_03.txt,general,289,2344,513071412,2021 JAN 09 21:16:24 UTC,JUPITER BARYCENTER,MERCURY BARYCENTER,903003568.10091484,191863055.58457375,880714808,11936128517950603677,68043,10006,4459,52.56784032,1151,1.69157738,25.81296255,1115,193,473,485,0,840,1619,2000,0,1120,1339,1515,485,0.34160228,0.45546970,1.00000000,0.75750000,1.50319269,1.89910631,PASS,PASS,PASS,11.53720000,messages/run_0096_message.txt,encoded/run_0096_encoded.txt
97,general_03.txt,general,325,2632,3361701979,2032 NOV 23 00:20:09 UTC,MARS BARYCENTER,MERCURY BARYCENTER,326310998.70600575,123212895.94810799,3418819860,11936128517355514033,68043,10006,4459,59.02668760,1286,1.88998134,28.84054721,1239,236,520,530,0,840,1619,2000,0,1124,1335,1470,530,0.34160228,0.45709638,1.00000000,0.73500000,1.50319269,1.91504303,PASS,PASS,PASS,11.48800000,messages/run_0097_message.txt,encoded/run_0097_encoded.txt
98,general_03.txt,general,352,2848,1581328970,2020 MAY 25 23:29:13 UTC,VENUS BARYCENTER,MERCURY BARYCENTER,44923731.53143598,151444477.91434231,1726530977,11936128518780182532,68043,10006,4459,63.87082305,1393,2.04723484,31.24018838,1319,270,555,568,0,840,1619,2000,0,1125,1334,1432,568,0.34160228,0.45750305,1.00000000,0.71600000,1.50319269,1.92704994,PASS,PASS,PASS,12.37470000,messages/run_0098_message.txt,encoded/run_0098_encoded.txt
99,general_03.txt,general,409,3304,2866618676,2024 JUN 08 15:48:33 UTC,SATURN BARYCENTER,MARS BARYCENTER,1443814645.74209666,273678069.54073358,2812020501,11936128515540886192,68043,10006,4459,74.09733124,1590,2.33675764,35.65821933,1496,265,628,697,0,840,1619,2000,0,1203,1256,1303,697,0.34160228,0.48922326,1.00000000,0.65150000,1.50319269,1.96198149,PASS,PASS,PASS,11.42630000,messages/run_0099_message.txt,encoded/run_0099_encoded.txt
100,general_03.txt,general,483,3896,2276149267,2027 MAR 12 01:58:06 UTC,JUPITER BARYCENTER,MARS BARYCENTER,672191682.46765149,107976097.69520847,2383343197,11936128516236200952,68043,10006,4459,87.37385064,1868,2.74532281,41.89280108,1736,318,740,810,0,840,1619,2000,0,1262,1197,1190,810,0.34160228,0.51321675,1.00000000,0.59500000,1.50319269,1.98031356,PASS,PASS,PASS,11.83330000,messages/run_0100_message.txt,encoded/run_0100_encoded.txt
101,instructions_unique_02.txt,instructions,282,2288,3116018610,2034 JUL 23 20:10:36 UTC,MERCURY BARYCENTER,MARS BARYCENTER,180145432.48150739,396649330.01754785,2834537022,11936128515727310747,65788,10851,4376,52.28519196,1167,1.77387973,26.66819013,1115,168,648,316,35,646,2249,1387,94,1126,1769,1106,375,0.22314335,0.38894646,0.93652937,0.74679271,1.54541451,1.83741238,PASS,PASS,PASS,11.83200000,messages/run_0101_message.txt,encoded/run_0101_encoded.txt
102,instructions_unique_02.txt,instructions,313,2536,3666406466,2034 JUN 28 00:08:51 UTC,URANUS BARYCENTER,SATURN BARYCENTER,2982635987.65932941,1499092578.12119770,4007029794,11936128516769433991,65788,10851,4376,57.95246801,1278,1.94260351,29.20475320,1210,178,708,354,38,646,2249,1387,94,1176,1719,1071,410,0.22314335,0.40621762,0.93652937,0.72316003,1.54541451,1.85603636,PASS,PASS,PASS,12.56900000,messages/run_0102_message.txt,encoded/run_0102_encoded.txt
103,instructions_unique_02.txt,instructions,382,3088,502046562,2023 FEB 04 02:03:34 UTC,VENUS BARYCENTER,URANUS BARYCENTER,222518576.42903572,2938037923.14638948,723610652,11936128517894621625,65788,10851,4376,70.56672761,1533,2.33021220,35.03199269,1430,200,856,441,36,646,2249,1387,94,1302,1593,982,499,0.22314335,0.44974093,0.93652937,0.66306550,1.54541451,1.89203803,PASS,PASS,PASS,11.69930000,messages/run_0103_message.txt,encoded/run_0103_encoded.txt
104,instructions_unique_02.txt,instructions,408,3296,588834313,2033 MAR 09 23:47:34 UTC,URANUS BARYCENTER,MARS BARYCENTER,2818967685.29776001,177362421.21302772,614987184,11936128517667966997,65788,10851,4376,75.31992687,1711,2.60077826,39.09963437,1588,244,930,500,37,646,2249,1387,94,1332,1563,924,557,0.22314335,0.46010363,0.93652937,0.62390277,1.54541451,1.90512468,PASS,PASS,PASS,12.48950000,messages/run_0104_message.txt,encoded/run_0104_encoded.txt
105,instructions_unique_02.txt,instructions,453,3656,140849132,2034 DEC 24 15:27:49 UTC,URANUS BARYCENTER,MERCURY BARYCENTER,2679506316.99745464,197337496.58517298,56706813,11936128518301475672,65788,10851,4376,83.54661792,1825,2.77406214,41.70475320,1681,251,1013,518,43,646,2249,1387,94,1408,1487,912,569,0.22314335,0.48635579,0.93652937,0.61580014,1.54541451,1.90974519,PASS,PASS,PASS,11.78090000,messages/run_0105_message.txt,encoded/run_0105_encoded.txt
106,news_unique_05.txt,news,298,2416,701962067,2028 NOV 28 01:17:51 UTC,NEPTUNE BARYCENTER,SATURN BARYCENTER,4391996258.56115532,1249224294.23346353,791084396,11936128517827418313,68801,10093,5928,40.75573549,1240,1.80229939,20.91767881,1191,210,695,305,30,1164,3037,1597,130,1649,2552,1322,405,0.27707689,0.39252559,0.92472496,0.76548929,1.58607222,1.78422292,PASS,PASS,PASS,13.32250000,messages/run_0106_message.txt,encoded/run_0106_encoded.txt
107,news_unique_05.txt,news,347,2808,3645837709,2020 JUN 07 06:43:23 UTC,MERCURY BARYCENTER,SATURN BARYCENTER,115768448.49711096,1386169211.20041609,4257721789,11936128516986374168,68801,10093,5928,47.36842105,1444,2.09880670,24.35897436,1364,292,763,345,44,1164,3037,1597,130,1635,2566,1296,431,0.27707689,0.38919305,0.92472496,0.75043428,1.58607222,1.78993527,PASS,PASS,PASS,12.33430000,messages/run_0107_message.txt,encoded/run_0107_encoded.txt
108,news_unique_05.txt,news,365,2952,3473657941,2025 OCT 16 20:19:39 UTC,NEPTUNE BARYCENTER,MERCURY BARYCENTER,4333992563.05373764,182951021.89259651,4100626750,11936128516876090523,68801,10093,5928,49.79757085,1521,2.21072368,25.65789474,1443,287,851,350,33,1164,3037,1597,130,1728,2473,1280,447,0.27707689,0.41133064,0.92472496,0.74116966,1.58607222,1.80328061,PASS,PASS,PASS,13.47650000,messages/run_0108_message.txt,encoded/run_0108_encoded.txt
109,news_unique_05.txt,news,428,3456,340293937,2023 SEP 05 13:55:55 UTC,URANUS BARYCENTER,VENUS BARYCENTER,2882594851.68966484,53419441.11171933,868488678,11936128518026539075,68801,10093,5928,58.29959514,1697,2.46653392,28.62685560,1606,304,958,397,38,1164,3037,1597,130,1818,2383,1238,489,0.27707689,0.43275411,0.92472496,0.71685003,1.58607222,1.82028621,PASS,PASS,PASS,13.64830000,messages/run_0109_message.txt,encoded/run_0109_encoded.txt
110,news_unique_05.txt,news,453,3656,1895924798,2022 FEB 04 07:08:44 UTC,MERCURY BARYCENTER,VENUS BARYCENTER,114547481.98418628,53537060.74394152,1191874430,11936128519306685147,68801,10093,5928,61.67341430,1800,2.61624104,30.36437247,1688,317,999,450,34,1164,3037,1597,130,1846,2355,1181,546,0.27707689,0.43941919,0.92472496,0.68384482,1.58607222,1.83382040,PASS,PASS,PASS,14.40460000,messages/run_0110_message.txt,encoded/run_0110_encoded.txt
111,business_unique_02.txt,business,260,2112,2320907074,2032 APR 08 04:17:07 UTC,MARS BARYCENTER,VENUS BARYCENTER,348514214.59221518,247074928.36185980,2535534299,11936128516351101822,65650,9400,5966,35.40060342,1077,1.64051790,18.05229635,1023,110,637,311,19,643,3343,1862,118,1170,2816,1570,410,0.16131460,0.29352735,0.94040404,0.79292929,1.45086544,1.74447408,PASS,PASS,PASS,12.03340000,messages/run_0111_message.txt,encoded/run_0111_encoded.txt
112,business_unique_02.txt,business,320,2592,1020411419,2023 JAN 19 13:42:36 UTC,MERCURY BARYCENTER,JUPITER BARYCENTER,120167592.90749945,791613295.72408009,475541117,11936128518623955928,65650,9400,5966,43.44619511,1339,2.03960396,22.44384847,1259,124,799,393,23,643,3343,1862,118,1318,2668,1492,488,0.16131460,0.33065730,0.94040404,0.75353535,1.45086544,1.79593590,PASS,PASS,PASS,12.19450000,messages/run_0112_message.txt,encoded/run_0112_encoded.txt
113,business_unique_02.txt,business,358,2896,2068227205,2020 DEC 25 02:42:29 UTC,MARS BARYCENTER,URANUS BARYCENTER,125238590.21962367,2875039233.75368977,1728641706,11936128518769696527,65650,9400,5966,48.54173651,1430,2.17821782,23.96915857,1328,126,884,391,29,643,3343,1862,118,1401,2585,1500,480,0.16131460,0.35148018,0.94040404,0.75757576,1.45086544,1.80697255,PASS,PASS,PASS,11.78410000,messages/run_0113_message.txt,encoded/run_0113_encoded.txt
114,business_unique_02.txt,business,404,3264,2576936351,2024 DEC 19 07:18:38 UTC,MERCURY BARYCENTER,URANUS BARYCENTER,132618756.67333145,2802115472.67739058,3134947422,11936128516031915515,65650,9400,5966,54.71002347,1648,2.51028180,27.62319812,1529,156,999,453,40,643,3343,1862,118,1486,2500,1449,531,0.16131460,0.37280482,0.94040404,0.73181818,1.45086544,1.83181729,PASS,PASS,PASS,12.05280000,messages/run_0114_message.txt,encoded/run_0114_encoded.txt
115,business_unique_02.txt,business,462,3728,2147299975,2032 JUL 01 06:08:59 UTC,URANUS BARYCENTER,NEPTUNE BARYCENTER,2998657570.19288254,4483064217.63385296,1978267277,11936128518998217512,65650,9400,5966,62.48742876,1870,2.84843869,31.34428428,1713,180,1103,546,41,643,3343,1862,118,1566,2420,1357,623,0.16131460,0.39287506,0.94040404,0.68535354,1.45086544,1.86084338,PASS,PASS,PASS,12.02690000,messages/run_0115_message.txt,encoded/run_0115_encoded.txt
116,technical_unique_01.txt,technical,280,2272,1202530719,2025 DEC 07 15:16:07 UTC,VENUS BARYCENTER,NEPTUNE BARYCENTER,253020651.16909128,4433857024.38462448,1783799243,11936128518992640110,70745,10649,5033,45.14206239,1100,1.55488020,21.85575204,1043,166,605,329,0,846,2634,1553,0,1285,2195,1224,329,0.24310345,0.36925287,1.00000000,0.78815196,1.44477036,1.77831974,PASS,PASS,PASS,11.94550000,messages/run_0116_message.txt,encoded/run_0116_encoded.txt
117,technical_unique_01.txt,technical,347,2808,1067185645,2032 OCT 11 04:08:24 UTC,MERCURY BARYCENTER,NEPTUNE BARYCENTER,177351140.74214613,4315675833.26021481,894511656,11936128517935501197,70745,10649,5033,55.79177429,1419,2.00579546,28.19392013,1325,203,801,415,0,846,2634,1553,0,1444,2036,1138,415,0.24310345,0.41494253,1.00000000,0.73277527,1.44477036,1.82684826,PASS,PASS,PASS,11.84560000,messages/run_0117_message.txt,encoded/run_0117_encoded.txt
118,technical_unique_01.txt,technical,350,2832,1492429123,2026 MAY 27 11:16:06 UTC,SATURN BARYCENTER,VENUS BARYCENTER,1500116231.12907219,192297964.04291055,1377343640,11936128519659928893,70745,10649,5033,56.26862706,1427,2.01710368,28.35287105,1337,222,804,401,0,846,2634,1553,0,1428,2052,1152,401,0.24310345,0.41034483,1.00000000,0.74179008,1.44477036,1.82108783,PASS,PASS,PASS,12.07190000,messages/run_0118_message.txt,encoded/run_0118_encoded.txt
119,technical_unique_01.txt,technical,408,3296,2131490446,2020 MAR 25 18:04:14 UTC,JUPITER BARYCENTER,VENUS BARYCENTER,810498356.68695092,105061592.35195740,1200556241,11936128519298002292,70745,10649,5033,65.48778065,1629,2.30263623,32.36638188,1506,231,907,491,0,846,2634,1553,0,1522,1958,1062,491,0.24310345,0.43735632,1.00000000,0.68383773,1.44477036,1.85285133,PASS,PASS,PASS,12.79780000,messages/run_0119_message.txt,encoded/run_0119_encoded.txt
120,technical_unique_01.txt,technical,456,3680,2028500959,2027 MAY 05 13:24:30 UTC,MARS BARYCENTER,SATURN BARYCENTER,165954885.94365585,1538364276.68586636,1466897610,11936128519576924527,70745,10649,5033,73.11742500,1802,2.54717648,35.80369561,1640,278,1007,517,0,846,2634,1553,0,1575,1905,1036,517,0.24310345,0.45258621,1.00000000,0.66709594,1.44477036,1.86167293,PASS,PASS,PASS,13.62180000,messages/run_0120_message.txt,encoded/run_0120_encoded.txt
121,instructions_01.txt,instructions,267,2168,255916860,2034 OCT 25 17:30:38 UTC,NEPTUNE BARYCENTER,MARS BARYCENTER,4318157414.45046806,377889915.11749697,477748951,11936128518621789042,69912,11567,4607,47.05882353,1106,1.58198879,24.00694595,1050,166,510,361,69,859,2037,1506,205,1203,1693,1214,497,0.29661602,0.41540055,0.88018703,0.70952659,1.69949676,1.89016145,PASS,PASS,PASS,11.97270000,messages/run_0121_message.txt,encoded/run_0121_encoded.txt
122,instructions_01.txt,instructions,310,2512,4997644,2021 JUN 18 09:10:57 UTC,SATURN BARYCENTER,JUPITER BARYCENTER,1379472834.68371630,677000102.35347354,340152182,11936128518488058579,69912,11567,4607,54.52572173,1239,1.77222794,26.89385717,1164,208,607,370,54,859,2037,1506,205,1258,1638,1190,521,0.29661602,0.43439227,0.88018703,0.69549971,1.69949676,1.90183445,PASS,PASS,PASS,13.37970000,messages/run_0122_message.txt,encoded/run_0122_encoded.txt
123,instructions_01.txt,instructions,393,3176,2066046877,2027 APR 26 10:17:42 UTC,JUPITER BARYCENTER,URANUS BARYCENTER,759959254.38712227,3034697550.94998693,1493396338,11936128519742344919,69912,11567,4607,68.93857174,1572,2.24854102,34.12198828,1450,260,747,486,79,859,2037,1506,205,1346,1550,1099,612,0.29661602,0.46477901,0.88018703,0.64231444,1.69949676,1.92747583,PASS,PASS,PASS,11.73890000,messages/run_0123_message.txt,encoded/run_0123_encoded.txt
124,instructions_01.txt,instructions,438,3536,1675170281,2031 JUN 24 15:07:41 UTC,NEPTUNE BARYCENTER,JUPITER BARYCENTER,4495962491.19346237,639292078.84068227,1844984434,11936128518865133527,69912,11567,4607,76.75276753,1803,2.57895640,39.13609724,1653,323,856,538,86,859,2037,1506,205,1392,1504,1054,657,0.29661602,0.48066298,0.88018703,0.61601403,1.69949676,1.93650071,PASS,PASS,PASS,12.71750000,messages/run_0124_message.txt,encoded/run_0124_encoded.txt
125,instructions_01.txt,instructions,487,3928,746488308,2020 FEB 01 10:25:09 UTC,VENUS BARYCENTER,MARS BARYCENTER,162562169.91769516,290924715.68249577,673019422,11936128517881254843,69912,11567,4607,85.26155850,1908,2.72914521,41.41523768,1721,340,898,577,93,859,2037,1506,205,1417,1479,1022,689,0.29661602,0.48929558,0.88018703,0.59731151,1.69949676,1.94131389,PASS,PASS,PASS,13.05790000,messages/run_0125_message.txt,encoded/run_0125_encoded.txt
126,narrative_02.txt,narrative,275,2232,151822631,2021 FEB 21 15:13:19 UTC,SATURN BARYCENTER,MERCURY BARYCENTER,1624912625.97883272,111628559.42581525,604783615,11936128517678949978,66923,11156,5886,37.92048930,1155,1.72586405,19.62283384,1109,197,692,253,13,1164,3227,1442,53,1659,2732,1202,293,0.26508768,0.37781826,0.96454849,0.80401338,1.49610023,1.71239820,PASS,PASS,PASS,12.07150000,messages/run_0126_message.txt,encoded/run_0126_encoded.txt
127,narrative_02.txt,narrative,316,2560,1988298954,2030 APR 23 21:21:34 UTC,MERCURY BARYCENTER,SATURN BARYCENTER,85277336.95086642,1500629362.40650582,1885924078,11936128519090556747,66923,11156,5886,43.49303432,1311,1.95896777,22.27319062,1251,222,784,288,17,1164,3227,1442,53,1726,2665,1171,324,0.26508768,0.39307675,0.96454849,0.78327759,1.49610023,1.73029778,PASS,PASS,PASS,12.60760000,messages/run_0127_message.txt,encoded/run_0127_encoded.txt
128,narrative_02.txt,narrative,347,2808,848612931,2024 APR 18 15:06:32 UTC,VENUS BARYCENTER,URANUS BARYCENTER,250368617.76816553,3069606923.46158409,848455658,11936128518040568399,66923,11156,5886,47.70642202,1407,2.10241621,23.90417941,1335,241,856,297,13,1164,3227,1442,53,1779,2612,1158,337,0.26508768,0.40514689,0.96454849,0.77458194,1.49610023,1.73962664,PASS,PASS,PASS,12.06500000,messages/run_0128_message.txt,encoded/run_0128_encoded.txt
129,narrative_02.txt,narrative,433,3496,3446146924,2031 SEP 03 14:23:04 UTC,URANUS BARYCENTER,SATURN BARYCENTER,2896090309.68780851,1372867241.65569305,3312131662,11936128517127715819,66923,11156,5886,59.39517499,1736,2.59402597,29.49371390,1653,334,1016,373,13,1164,3227,1442,53,1846,2545,1082,413,0.26508768,0.42040537,0.96454849,0.72374582,1.49610023,1.76582638,PASS,PASS,PASS,11.89730000,messages/run_0129_message.txt,encoded/run_0129_encoded.txt
130,narrative_02.txt,narrative,465,3752,2093920340,2031 JAN 15 15:56:14 UTC,SATURN BARYCENTER,VENUS BARYCENTER,1261939751.33394051,232193426.54798985,1982406658,11936128519052756391,66923,11156,5886,63.74447842,1890,2.82414118,32.11009174,1779,335,1092,443,20,1164,3227,1442,53,1921,2470,1019,476,0.26508768,0.43748577,0.96454849,0.68160535,1.49610023,1.78437886,PASS,PASS,PASS,11.90090000,messages/run_0130_message.txt,encoded/run_0130_encoded.txt
131,cover_business.txt,business,268,2176,1572984339,2028 AUG 09 03:36:53 UTC,NEPTUNE BARYCENTER,MARS BARYCENTER,4371779301.99267197,340607590.20061928,1490116722,11936128519755843031,65463,8898,7064,30.80407701,1079,1.64825932,15.27463194,1041,115,608,350,6,769,3497,2767,31,1262,3004,2423,375,0.18026254,0.29582747,0.98892066,0.86597570,1.41447244,1.72284885,PASS,PASS,PASS,11.72900000,messages/run_0131_message.txt,encoded/run_0131_encoded.txt
132,cover_business.txt,business,321,2600,1028365799,2023 DEC 08 07:58:49 UTC,MERCURY BARYCENTER,MARS BARYCENTER,138432952.81521472,372143528.42894608,628157513,11936128517665016300,65463,8898,7064,36.80634202,1299,1.98432702,18.38901472,1232,122,692,481,4,769,3497,2767,31,1339,2927,2290,508,0.18026254,0.31387717,0.98892066,0.81844174,1.41447244,1.78140442,PASS,PASS,PASS,12.02770000,messages/run_0132_message.txt,encoded/run_0132_encoded.txt
133,cover_business.txt,business,363,2936,870307978,2020 JUN 09 12:03:20 UTC,JUPITER BARYCENTER,MERCURY BARYCENTER,646637482.21462882,110239023.54182185,168008562,11936128518450462423,65463,8898,7064,41.56285391,1481,2.26234667,20.96545866,1392,136,795,544,6,769,3497,2767,31,1428,2838,2229,569,0.18026254,0.33473980,0.98892066,0.79664046,1.41447244,1.81262192,PASS,PASS,PASS,11.87730000,messages/run_0133_message.txt,encoded/run_0133_encoded.txt
134,cover_business.txt,business,447,3608,635734552,2029 DEC 03 23:07:59 UTC,MERCURY BARYCENTER,VENUS BARYCENTER,181708843.21174797,58965864.17519572,395029238,11936128518492917587,65463,8898,7064,51.07587769,1792,2.73742419,25.36806342,1654,177,943,663,9,769,3497,2767,31,1535,2731,2113,685,0.18026254,0.35982185,0.98892066,0.75518227,1.41447244,1.85586984,PASS,PASS,PASS,12.40220000,messages/run_0134_message.txt,encoded/run_0134_encoded.txt
135,cover_business.txt,business,459,3704,3079172176,2032 MAR 03 00:46:58 UTC,NEPTUNE BARYCENTER,SATURN BARYCENTER,4591406041.04119396,1333065114.33274460,3192440014,11936128515972096363,65463,8898,7064,52.43488109,1893,2.89170982,26.79784824,1727,188,1024,667,14,769,3497,2767,31,1605,2661,2114,684,0.18026254,0.37623066,0.98892066,0.75553967,1.41447244,1.86337026,PASS,PASS,PASS,12.48420000,messages/run_0135_message.txt,encoded/run_0135_encoded.txt
136,reviews_04.txt,reviews,295,2392,1299504639,2022 APR 23 07:40:24 UTC,URANUS BARYCENTER,MERCURY BARYCENTER,3095615530.06064177,149211631.41687194,2146420983,11936128519165865298,65763,10199,4537,52.72206304,1255,1.90836793,27.66145030,1180,169,740,283,63,651,2496,1158,232,1222,1925,938,452,0.20686368,0.38830632,0.83309353,0.67482014,1.59838303,1.83616221,PASS,PASS,PASS,11.16580000,messages/run_0136_message.txt,encoded/run_0136_encoded.txt
137,reviews_04.txt,reviews,307,2488,2591366492,2022 NOV 07 00:56:00 UTC,URANUS BARYCENTER,NEPTUNE BARYCENTER,2795652642.00566816,4381750447.27362728,2244264125,11936128516046808344,65763,10199,4537,54.83799868,1245,1.89316181,27.44104034,1154,161,729,290,65,651,2496,1158,232,1219,1928,933,457,0.20686368,0.38735303,0.83309353,0.67122302,1.59838303,1.83687453,PASS,PASS,PASS,11.01160000,messages/run_0137_message.txt,encoded/run_0137_encoded.txt
138,reviews_04.txt,reviews,353,2856,2992152783,2028 MAY 26 15:20:11 UTC,MERCURY BARYCENTER,URANUS BARYCENTER,85874719.02525452,3042912032.92286110,2943244822,11936128515684695987,65763,10199,4537,62.94908530,1482,2.25354683,32.66475645,1367,201,881,326,74,651,2496,1158,232,1331,1816,906,484,0.20686368,0.42294248,0.83309353,0.65179856,1.59838303,1.85631223,PASS,PASS,PASS,11.35660000,messages/run_0138_message.txt,encoded/run_0138_encoded.txt
139,reviews_04.txt,reviews,416,3360,2760990993,2029 SEP 25 18:03:09 UTC,SATURN BARYCENTER,MERCURY BARYCENTER,1269871761.99517512,119409686.86778538,2176270328,11936128516108753501,65763,10199,4537,74.05774741,1702,2.58808144,37.51377562,1566,220,989,396,97,651,2496,1158,232,1420,1727,859,531,0.20686368,0.45122339,0.83309353,0.61798561,1.59838303,1.87174673,PASS,PASS,PASS,11.82430000,messages/run_0139_message.txt,encoded/run_0139_encoded.txt
140,reviews_04.txt,reviews,485,3912,184254454,2024 JAN 11 22:27:38 UTC,JUPITER BARYCENTER,MARS BARYCENTER,695180879.02777672,357404171.79996073,596142671,11936128517754703850,65763,10199,4537,86.22437734,1961,2.98191992,43.22239365,1778,260,1151,449,101,651,2496,1158,232,1542,1605,810,580,0.20686368,0.48999047,0.83309353,0.58273381,1.59838303,1.88265923,PASS,PASS,PASS,12.96860000,messages/run_0140_message.txt,encoded/run_0140_encoded.txt
141,casual_03.txt,casual,279,2264,1296610864,2027 SEP 07 12:21:48 UTC,JUPITER BARYCENTER,URANUS BARYCENTER,957891849.12131751,2882633828.28046894,1306116865,11936128519404021412,66676,11734,5938,38.12731559,1094,1.64077029,18.42371169,1029,187,590,317,0,1197,2924,1817,0,1600,2521,1500,317,0.29046348,0.38825528,1.00000000,0.82553660,1.49180811,1.76163205,PASS,PASS,PASS,11.81570000,messages/run_0141_message.txt,encoded/run_0141_encoded.txt
142,casual_03.txt,casual,338,2736,1170291136,2024 MAR 09 06:00:16 UTC,VENUS BARYCENTER,MARS BARYCENTER,230220081.52408451,325837642.93122816,1676644414,11936128518830306715,66676,11734,5938,46.07611991,1365,2.04721339,22.98753789,1279,238,747,380,0,1197,2924,1817,0,1706,2415,1437,380,0.29046348,0.41397719,1.00000000,0.79086406,1.49180811,1.79399290,PASS,PASS,PASS,12.40530000,messages/run_0142_message.txt,encoded/run_0142_encoded.txt
143,casual_03.txt,casual,383,3096,3383152468,2034 MAY 10 08:09:37 UTC,NEPTUNE BARYCENTER,VENUS BARYCENTER,4595758814.70776176,205670396.61982229,3297573708,11936128517133655785,66676,11734,5938,52.13876726,1602,2.40266363,26.97878073,1503,278,865,459,0,1197,2924,1817,0,1784,2337,1358,459,0.29046348,0.43290463,1.00000000,0.74738580,1.49180811,1.82296635,PASS,PASS,PASS,12.86540000,messages/run_0143_message.txt,encoded/run_0143_encoded.txt
144,casual_03.txt,casual,421,3400,3491986793,2027 APR 20 18:01:01 UTC,URANUS BARYCENTER,JUPITER BARYCENTER,3027336407.81872129,746830095.79398322,4236689984,11936128516999047141,66676,11734,5938,57.25833614,1672,2.50764893,28.15762883,1559,326,903,443,0,1197,2924,1817,0,1774,2347,1374,443,0.29046348,0.43047804,1.00000000,0.75619152,1.49180811,1.81799027,PASS,PASS,PASS,12.96330000,messages/run_0144_message.txt,encoded/run_0144_encoded.txt
145,casual_03.txt,casual,454,3664,131103577,2022 DEC 22 08:41:44 UTC,MARS BARYCENTER,NEPTUNE BARYCENTER,88221399.31396517,4492283145.41531277,407281031,11936128518689339426,66676,11734,5938,61.70427753,1823,2.73411722,30.70057258,1676,352,979,492,0,1197,2924,1817,0,1824,2297,1325,492,0.29046348,0.44261102,1.00000000,0.72922400,1.49180811,1.83371577,PASS,PASS,PASS,12.43700000,messages/run_0145_message.txt,encoded/run_0145_encoded.txt
146,academic_02.txt,academic,294,2384,1402716508,2028 JUN 28 05:41:43 UTC,MARS BARYCENTER,VENUS BARYCENTER,355934821.09956956,57512683.82535233,1272961168,11936128519504559413,68827,9012,5061,47.10531516,1208,1.75512517,23.86880063,1152,145,674,338,51,713,2537,1582,229,1242,2008,1295,516,0.21938462,0.38215385,0.87355052,0.71507454,1.62425892,1.86554057,PASS,PASS,PASS,11.57480000,messages/run_0146_message.txt,encoded/run_0146_encoded.txt
147,academic_02.txt,academic,304,2464,1674688188,2027 JAN 08 21:50:57 UTC,MARS BARYCENTER,SATURN BARYCENTER,127677258.93972504,1424155719.78007603,2065755516,11936128519236831449,68827,9012,5061,48.68603043,1233,1.79144812,24.36277416,1155,147,684,349,53,713,2537,1582,229,1250,2000,1286,525,0.21938462,0.38461538,0.87355052,0.71010491,1.62425892,1.86895382,PASS,PASS,PASS,11.66630000,messages/run_0147_message.txt,encoded/run_0147_encoded.txt
148,academic_02.txt,academic,388,3136,1586819500,2025 JUN 03 03:28:14 UTC,MERCURY BARYCENTER,JUPITER BARYCENTER,195496716.26680252,913214540.80724025,1594163778,11936128519708387303,68827,9012,5061,61.96403873,1596,2.31885743,31.53526971,1499,212,874,439,71,713,2537,1582,229,1375,1875,1214,597,0.21938462,0.42307692,0.87355052,0.67034787,1.62425892,1.89929374,PASS,PASS,PASS,12.24570000,messages/run_0148_message.txt,encoded/run_0148_encoded.txt
149,academic_02.txt,academic,416,3360,2561240382,2020 JUL 28 08:00:09 UTC,JUPITER BARYCENTER,SATURN BARYCENTER,622917132.66645479,1346756125.81341100,3086121943,11936128515811303026,68827,9012,5061,66.39004149,1672,2.42927921,33.03694922,1548,208,883,490,91,713,2537,1582,229,1388,1862,1183,628,0.21938462,0.42707692,0.87355052,0.65323026,1.62425892,1.90634548,PASS,PASS,PASS,11.74770000,messages/run_0149_message.txt,encoded/run_0149_encoded.txt
150,academic_02.txt,academic,445,3592,490482600,2028 MAR 12 16:06:23 UTC,MARS BARYCENTER,JUPITER BARYCENTER,356109118.32439983,664266326.74670172,735952025,11936128517893790012,68827,9012,5061,70.97411579,1775,2.57892978,35.07212013,1666,239,980,480,76,713,2537,1582,229,1454,1796,1178,633,0.21938462,0.44738462,0.87355052,0.65046935,1.62425892,1.91198890,PASS,PASS,PASS,11.64660000,messages/run_0150_message.txt,encoded/run_0150_encoded.txt
151,news_unique_03.txt,news,254,2064,1154947738,2028 AUG 23 06:27:15 UTC,NEPTUNE BARYCENTER,URANUS BARYCENTER,4347010516.88138771,2920200360.53008842,1326587392,11936128519441464229,74781,10950,6434,32.07957725,1039,1.38939035,16.14858564,1008,187,580,247,25,1255,3313,1725,141,1648,2920,1503,363,0.27473730,0.36077058,0.92443730,0.80546624,1.58298833,1.74465157,PASS,PASS,PASS,12.69890000,messages/run_0151_message.txt,encoded/run_0151_encoded.txt
152,news_unique_03.txt,news,318,2576,2270950976,2035 JUN 26 19:49:22 UTC,URANUS BARYCENTER,VENUS BARYCENTER,2972546162.45317268,251859005.85032123,2926712198,11936128515702239267,74781,10950,6434,40.03730183,1305,1.74509568,20.28287224,1250,221,749,309,26,1255,3313,1725,141,1783,2785,1442,424,0.27473730,0.39032399,0.92443730,0.77277599,1.58298833,1.77811187,PASS,PASS,PASS,12.92940000,messages/run_0152_message.txt,encoded/run_0152_encoded.txt
153,news_unique_03.txt,news,384,3104,1934504779,2030 APR 05 11:07:15 UTC,MERCURY BARYCENTER,NEPTUNE BARYCENTER,128004626.46382128,4615268826.12881660,2146037555,11936128519165987478,74781,10950,6434,48.24370532,1564,2.09144034,24.30836183,1481,299,860,365,40,1255,3313,1725,141,1816,2752,1400,466,0.27473730,0.39754816,0.92443730,0.75026795,1.58298833,1.79223709,PASS,PASS,PASS,12.85130000,messages/run_0153_message.txt,encoded/run_0153_encoded.txt
154,news_unique_03.txt,news,444,3584,741399047,2032 OCT 03 22:19:20 UTC,VENUS BARYCENTER,SATURN BARYCENTER,199355832.49154055,1329202320.86826873,94894379,11936128518188063886,74781,10950,6434,55.70407212,1808,2.41772643,28.10071495,1701,326,992,449,41,1255,3313,1725,141,1921,2647,1317,549,0.27473730,0.42053415,0.92443730,0.70578778,1.58298833,1.81924441,PASS,PASS,PASS,13.12790000,messages/run_0154_message.txt,encoded/run_0154_encoded.txt
155,news_unique_03.txt,news,469,3784,3348858595,2021 APR 21 15:19:57 UTC,MARS BARYCENTER,MERCURY BARYCENTER,290678511.67674291,196875136.63722092,3869702801,11936128516627849012,74781,10950,6434,58.81255828,1896,2.53540338,29.46844887,1780,341,1053,463,39,1255,3313,1725,141,1967,2601,1301,565,0.27473730,0.43060420,0.92443730,0.69721329,1.58298833,1.82540401,PASS,PASS,PASS,12.99360000,messages/run_0155_message.txt,encoded/run_0155_encoded.txt
156,narrative_unique_02.txt,narrative,290,2352,2830933301,2023 AUG 18 19:45:37 UTC,NEPTUNE BARYCENTER,JUPITER BARYCENTER,4344204584.51477909,699902744.81776559,2727301769,11936128515623810860,74303,12529,6079,38.69057411,1219,1.64057979,20.05264024,1161,127,771,301,20,815,3677,1501,86,1459,3033,1220,367,0.18143366,0.32479964,0.94580970,0.76874606,1.41253682,1.70410620,PASS,PASS,PASS,12.84100000,messages/run_0156_message.txt,encoded/run_0156_encoded.txt
157,narrative_unique_02.txt,narrative,324,2624,696515295,2024 DEC 11 01:29:17 UTC,VENUS BARYCENTER,NEPTUNE BARYCENTER,135088922.22591448,4450259318.37175560,235729259,11936128518383555790,74303,12529,6079,43.16499424,1335,1.79669731,21.96084882,1270,164,869,291,11,815,3677,1501,86,1520,2972,1221,366,0.18143366,0.33837934,0.94580970,0.76937618,1.41253682,1.71396975,PASS,PASS,PASS,12.91960000,messages/run_0157_message.txt,encoded/run_0157_encoded.txt
158,narrative_unique_02.txt,narrative,359,2904,157399885,2020 FEB 11 15:43:51 UTC,NEPTUNE BARYCENTER,MERCURY BARYCENTER,4611067458.36921692,137472005.29326114,752850940,11936128517810041433,74303,12529,6079,47.77101497,1464,1.97031075,24.08290837,1397,159,930,351,24,815,3677,1501,86,1586,2906,1174,413,0.18143366,0.35307213,0.94580970,0.73976055,1.41253682,1.73649569,PASS,PASS,PASS,14.20300000,messages/run_0158_message.txt,encoded/run_0158_encoded.txt
159,narrative_unique_02.txt,narrative,429,3464,1884007577,2033 NOV 04 09:07:35 UTC,JUPITER BARYCENTER,NEPTUNE BARYCENTER,694179688.26499927,4328700945.81622410,1683411084,11936128518757512489,74303,12529,6079,56.98305642,1758,2.36598791,28.91923014,1637,212,1130,388,28,815,3677,1501,86,1733,2759,1141,446,0.18143366,0.38579697,0.94580970,0.71896660,1.41253682,1.76292111,PASS,PASS,PASS,14.09330000,messages/run_0159_message.txt,encoded/run_0159_encoded.txt
160,narrative_unique_02.txt,narrative,493,3976,157744777,2027 APR 07 09:21:01 UTC,VENUS BARYCENTER,MERCURY BARYCENTER,198460371.55371386,179591045.87530968,114299414,11936128518245955507,74303,12529,6079,65.40549432,2010,2.70513977,33.06464879,1870,242,1295,445,28,815,3677,1501,86,1868,2624,1084,503,0.18143366,0.41585040,0.94580970,0.68304978,1.41253682,1.78733943,PASS,PASS,PASS,15.11770000,messages/run_0160_message.txt,encoded/run_0160_encoded.txt
161,technical_unique_02.txt,technical,285,2312,3125859784,2020 MAY 23 17:39:01 UTC,SATURN BARYCENTER,JUPITER BARYCENTER,1414582767.16628218,675454289.75870097,2890576167,11936128515670217858,66897,10052,4705,49.13921360,1151,1.72055548,24.46333688,1080,184,656,311,0,799,2471,1435,0,1271,1999,1124,311,0.24434251,0.38868502,1.00000000,0.78327526,1.44483548,1.78726754,PASS,PASS,PASS,14.05020000,messages/run_0161_message.txt,encoded/run_0161_encoded.txt
162,technical_unique_02.txt,technical,344,2784,497546237,2034 FEB 08 02:14:33 UTC,SATURN BARYCENTER,MARS BARYCENTER,1226441502.73767853,256261471.33671373,533455721,11936128518631343820,66897,10052,4705,59.17109458,1366,2.04194508,29.03294368,1271,222,779,365,0,799,2471,1435,0,1356,1914,1070,365,0.24434251,0.41467890,1.00000000,0.74564460,1.44483548,1.81716493,PASS,PASS,PASS,13.44790000,messages/run_0162_message.txt,encoded/run_0162_encoded.txt
163,technical_unique_02.txt,technical,395,3192,452087749,2024 JUN 05 12:42:53 UTC,SATURN BARYCENTER,NEPTUNE BARYCENTER,1451605688.98078012,4508243320.38593483,261062399,11936128518358489946,66897,10052,4705,67.84272051,1583,2.36632435,33.64505845,1467,243,906,434,0,799,2471,1435,0,1462,1808,1001,434,0.24434251,0.44709480,1.00000000,0.69756098,1.44483548,1.84638495,PASS,PASS,PASS,11.36760000,messages/run_0163_message.txt,encoded/run_0163_encoded.txt
164,technical_unique_02.txt,technical,427,3448,2948213540,2026 JUL 16 07:14:09 UTC,SATURN BARYCENTER,URANUS BARYCENTER,1382779468.90832067,3007149181.70995522,3067277379,11936128515830142438,66897,10052,4705,73.28374070,1729,2.58457031,36.74814028,1558,278,984,467,0,799,2471,1435,0,1505,1765,968,467,0.24434251,0.46024465,1.00000000,0.67456446,1.44483548,1.85674802,PASS,PASS,PASS,11.47320000,messages/run_0164_message.txt,encoded/run_0164_encoded.txt
165,technical_unique_02.txt,technical,481,3880,2372460669,2031 DEC 17 21:14:15 UTC,URANUS BARYCENTER,MARS BARYCENTER,2708111353.43305779,252831562.27850586,2472222413,11936128516426218344,66897,10052,4705,82.46546227,1995,2.98219651,42.40170032,1791,317,1131,547,0,799,2471,1435,0,1613,1657,888,547,0.24434251,0.49327217,1.00000000,0.61881533,1.44483548,1.87467709,PASS,PASS,PASS,11.26210000,messages/run_0165_message.txt,encoded/run_0165_encoded.txt
166,technical_02.txt,technical,257,2088,3205610673,2032 SEP 16 06:21:32 UTC,JUPITER BARYCENTER,VENUS BARYCENTER,682495956.10675466,214015699.87592351,2971236461,11936128515851476424,66512,10058,5992,34.84646195,1011,1.52002646,16.87249666,956,193,548,270,0,1206,2927,1859,0,1561,2572,1589,270,0.29179773,0.37769175,1.00000000,0.85476062,1.49425543,1.73859988,PASS,PASS,PASS,11.86340000,messages/run_0166_message.txt,encoded/run_0166_encoded.txt
167,technical_02.txt,technical,347,2808,2086667257,2027 NOV 17 20:50:49 UTC,MARS BARYCENTER,URANUS BARYCENTER,331334353.30117637,2752818658.96363878,2090354589,11936128519148266040,66512,10058,5992,46.86248331,1405,2.11240077,23.44793057,1316,282,745,378,0,1206,2927,1859,0,1669,2464,1481,378,0.29179773,0.40382289,1.00000000,0.79666487,1.49425543,1.79071660,PASS,PASS,PASS,11.91410000,messages/run_0167_message.txt,encoded/run_0167_encoded.txt
168,technical_02.txt,technical,377,3048,3701037581,2028 AUG 12 12:01:26 UTC,VENUS BARYCENTER,JUPITER BARYCENTER,108024402.28163499,930386537.99524355,3419533110,11936128517356669587,66512,10058,5992,50.86782377,1524,2.29131585,25.43391188,1412,293,789,442,0,1206,2927,1859,0,1702,2431,1417,442,0.29179773,0.41180740,1.00000000,0.76223776,1.49425543,1.81314857,PASS,PASS,PASS,11.95240000,messages/run_0168_message.txt,encoded/run_0168_encoded.txt
169,technical_02.txt,technical,417,3368,3709004324,2029 NOV 16 00:59:18 UTC,URANUS BARYCENTER,VENUS BARYCENTER,2740263841.61300421,77718423.74531068,3371807987,11936128517338304854,66512,10058,5992,56.20827770,1672,2.51383209,27.90387183,1544,324,882,466,0,1206,2927,1859,0,1764,2369,1393,466,0.29179773,0.42680861,1.00000000,0.74932760,1.49425543,1.82453817,PASS,PASS,PASS,11.75810000,messages/run_0169_message.txt,encoded/run_0169_encoded.txt
170,technical_02.txt,technical,446,3600,2864958544,2023 NOV 22 13:56:43 UTC,URANUS BARYCENTER,JUPITER BARYCENTER,2789157070.24856329,605634181.69054604,2867987193,11936128515760957276,66512,10058,5992,60.08010681,1850,2.78145297,30.87449933,1714,353,985,512,0,1206,2927,1859,0,1838,2295,1347,512,0.29179773,0.44471328,1.00000000,0.72458311,1.49425543,1.84055582,PASS,PASS,PASS,12.16230000,messages/run_0170_message.txt,encoded/run_0170_encoded.txt
171,reviews_02.txt,reviews,280,2272,3015385102,2031 MAY 17 07:13:32 UTC,VENUS BARYCENTER,MERCURY BARYCENTER,125225337.12937017,160102274.18501687,2976884442,11936128515852338047,68065,10573,4683,48.51590861,1145,1.68221553,24.45013880,1085,127,699,264,55,678,2575,1190,240,1250,2003,981,449,0.20842299,0.38426068,0.83216783,0.68601399,1.60002156,1.82941855,PASS,PASS,PASS,11.27250000,messages/run_0171_message.txt,encoded/run_0171_encoded.txt
172,reviews_02.txt,reviews,325,2632,2577902130,2025 DEC 21 06:22:37 UTC,SATURN BARYCENTER,MERCURY BARYCENTER,1427125174.45151472,188850691.15290195,2269700535,11936128516089529362,68065,10573,4683,56.20328849,1340,1.96870638,28.61413624,1265,186,794,292,68,678,2575,1190,240,1286,1967,966,464,0.20842299,0.39532739,0.83216783,0.67552448,1.60002156,1.83788905,PASS,PASS,PASS,12.21290000,messages/run_0172_message.txt,encoded/run_0172_encoded.txt
173,reviews_02.txt,reviews,369,2984,3186733122,2027 JAN 20 01:21:23 UTC,SATURN BARYCENTER,MARS BARYCENTER,1450821452.77815962,116505713.30616099,3125252332,11936128516038473033,68065,10573,4683,63.71983771,1509,2.21699846,32.22293402,1399,201,887,344,77,678,2575,1190,240,1364,1889,923,507,0.20842299,0.41930526,0.83216783,0.64545455,1.60002156,1.85572243,PASS,PASS,PASS,11.36020000,messages/run_0173_message.txt,encoded/run_0173_encoded.txt
174,reviews_02.txt,reviews,435,3512,2426066287,2034 JAN 21 15:16:37 UTC,JUPITER BARYCENTER,MERCURY BARYCENTER,856959162.71299720,165131812.16076809,2530160600,11936128516366174845,68065,10573,4683,74.99466154,1758,2.58282524,37.54003844,1615,245,1035,378,100,678,2575,1190,240,1468,1785,912,518,0.20842299,0.45127575,0.83216783,0.63776224,1.60002156,1.86603863,PASS,PASS,PASS,11.64570000,messages/run_0174_message.txt,encoded/run_0174_encoded.txt
175,reviews_02.txt,reviews,462,3728,2958724375,2025 MAR 20 00:52:12 UTC,URANUS BARYCENTER,NEPTUNE BARYCENTER,3006946033.48391342,4620746096.45602131,3152816895,11936128516011691866,68065,10573,4683,79.60708947,1895,2.78410343,40.46551356,1726,242,1113,437,103,678,2575,1190,240,1549,1704,856,574,0.20842299,0.47617584,0.83216783,0.59860140,1.60002156,1.87798380,PASS,PASS,PASS,11.47230000,messages/run_0175_message.txt,encoded/run_0175_encoded.txt
176,general_info_unique_02.txt,general,286,2320,1121300208,2034 FEB 10 13:32:15 UTC,JUPITER BARYCENTER,SATURN BARYCENTER,879974395.41108215,1229995678.16960120,1093466832,11936128519337762677,74753,10777,5267,44.04784507,1133,1.51565823,21.51129675,1101,232,406,480,15,1121,1818,2264,64,1295,1644,1799,529,0.38142225,0.44062606,0.97250859,0.77276632,1.60570708,1.88431780,PASS,PASS,PASS,12.62860000,messages/run_0176_message.txt,encoded/run_0176_encoded.txt
177,general_info_unique_02.txt,general,341,2760,3796543457,2020 JUL 26 18:46:31 UTC,MARS BARYCENTER,NEPTUNE BARYCENTER,100224694.43000387,4371355485.85201073,3557977476,11936128517411424289,74753,10777,5267,52.40174672,1353,1.80996080,25.68824758,1284,266,528,541,18,1121,1818,2264,64,1383,1556,1741,587,0.38142225,0.47056822,0.97250859,0.74785223,1.60570708,1.90695750,PASS,PASS,PASS,13.55000000,messages/run_0177_message.txt,encoded/run_0177_encoded.txt
178,general_info_unique_02.txt,general,378,3056,830519747,2030 JUL 09 17:39:27 UTC,VENUS BARYCENTER,URANUS BARYCENTER,218916701.96227562,3004414358.77652025,612287458,11936128517682193991,74753,10777,5267,58.02164420,1459,1.95176113,27.70077843,1379,289,554,596,20,1121,1818,2264,64,1386,1553,1688,640,0.38142225,0.47158898,0.97250859,0.72508591,1.60570708,1.92197603,PASS,PASS,PASS,13.09080000,messages/run_0178_message.txt,encoded/run_0178_encoded.txt
179,general_info_unique_02.txt,general,399,3224,197332216,2025 DEC 08 16:34:26 UTC,URANUS BARYCENTER,SATURN BARYCENTER,2775881102.88419390,1396013809.76290989,1058918336,11936128518099331685,74753,10777,5267,61.21131574,1575,2.10693885,29.90317069,1491,306,605,638,26,1121,1818,2264,64,1420,1519,1652,676,0.38142225,0.48315754,0.97250859,0.70962199,1.60570708,1.93200470,PASS,PASS,PASS,14.27260000,messages/run_0179_message.txt,encoded/run_0179_encoded.txt
180,general_info_unique_02.txt,general,484,3904,20217476,2020 NOV 06 09:24:55 UTC,URANUS BARYCENTER,MARS BARYCENTER,2811458029.54047966,73357589.42154539,256141893,11936128518370480096,74753,10777,5267,74.12189102,1919,2.56712105,36.43440289,1808,397,731,767,24,1121,1818,2264,64,1455,1484,1521,807,0.38142225,0.49506635,0.97250859,0.65335052,1.60570708,1.95975149,PASS,PASS,PASS,15.03440000,messages/run_0180_message.txt,encoded/run_0180_encoded.txt
181,casual_04.txt,casual,250,2032,3222152607,2033 FEB 21 21:56:05 UTC,SATURN BARYCENTER,JUPITER BARYCENTER,1275802854.48277330,899799828.11226130,4007913981,11936128516766452824,63971,11185,5663,35.88204132,1051,1.64293195,18.55906763,1012,161,580,310,0,1117,2853,1693,0,1536,2434,1383,310,0.28136020,0.38690176,1.00000000,0.81689309,1.48101509,1.76028887,PASS,PASS,PASS,11.76560000,messages/run_0181_message.txt,encoded/run_0181_encoded.txt
182,casual_04.txt,casual,338,2736,3503788456,2035 SEP 03 02:29:21 UTC,VENUS BARYCENTER,NEPTUNE BARYCENTER,256048644.18932182,4353150301.64314270,4050263336,11936128516926453901,63971,11185,5663,48.31361469,1320,2.06343499,23.30920007,1244,216,737,367,0,1117,2853,1693,0,1638,2332,1326,367,0.28136020,0.41259446,1.00000000,0.78322504,1.48101509,1.79100694,PASS,PASS,PASS,12.09760000,messages/run_0182_message.txt,encoded/run_0182_encoded.txt
183,casual_04.txt,casual,358,2896,874350948,2033 OCT 09 12:45:13 UTC,MARS BARYCENTER,JUPITER BARYCENTER,122787386.23722303,641381725.52326894,323512561,11936128518572592468,63971,11185,5663,51.13897228,1429,2.23382470,25.23397492,1323,258,785,386,0,1117,2853,1693,0,1644,2326,1307,386,0.28136020,0.41410579,1.00000000,0.77200236,1.48101509,1.79760189,PASS,PASS,PASS,11.80110000,messages/run_0183_message.txt,encoded/run_0183_encoded.txt
184,casual_04.txt,casual,437,3528,1887661963,2032 APR 24 06:03:49 UTC,VENUS BARYCENTER,SATURN BARYCENTER,253058407.35548550,1450775969.41197848,1160151589,11936128519270246272,63971,11185,5663,62.29913473,1737,2.71529287,30.67278827,1603,313,933,491,0,1117,2853,1693,0,1737,2233,1202,491,0.28136020,0.43753149,1.00000000,0.70998228,1.48101509,1.83285942,PASS,PASS,PASS,12.11000000,messages/run_0184_message.txt,encoded/run_0184_encoded.txt
185,casual_04.txt,casual,483,3896,1955547333,2031 MAY 22 13:36:53 UTC,MARS BARYCENTER,VENUS BARYCENTER,84235262.07706751,118936623.63977942,1772114164,11936128518926497105,63971,11185,5663,68.79745718,1933,3.02168170,34.13385132,1772,349,1055,529,0,1117,2853,1693,0,1823,2147,1164,529,0.28136020,0.45919395,1.00000000,0.68753692,1.48101509,1.84554890,PASS,PASS,PASS,11.94570000,messages/run_0185_message.txt,encoded/run_0185_encoded.txt
186,academic_04.txt,academic,260,2112,384765485,2030 JUL 08 05:28:38 UTC,MARS BARYCENTER,SATURN BARYCENTER,380367858.50685990,1469530289.03936934,390274562,11936128518505020327,68888,9008,5066,41.68969601,1061,1.54018116,20.94354520,1019,146,584,283,48,719,2554,1583,210,1157,2116,1348,445,0.21967614,0.35349832,0.88287786,0.75181260,1.61267560,1.82910883,PASS,PASS,PASS,11.70180000,messages/run_0186_message.txt,encoded/run_0186_encoded.txt
187,academic_04.txt,academic,349,2824,3383954572,2033 JAN 24 03:38:38 UTC,MERCURY BARYCENTER,SATURN BARYCENTER,201450543.15662885,1222861763.06775904,3712992197,11936128517532182112,68888,9008,5066,55.74417687,1427,2.07147834,28.16818002,1338,179,772,405,71,719,2554,1583,210,1312,1961,1249,544,0.21967614,0.40085548,0.88287786,0.69659788,1.61267560,1.87852463,PASS,PASS,PASS,12.54580000,messages/run_0187_message.txt,encoded/run_0187_encoded.txt
188,academic_04.txt,academic,351,2840,1368845571,2027 OCT 19 20:10:00 UTC,VENUS BARYCENTER,JUPITER BARYCENTER,239420575.46137676,921120997.61652911,1720274432,11936128518778055589,68888,9008,5066,56.06000790,1425,2.06857508,28.12870114,1345,179,781,401,64,719,2554,1583,210,1321,1952,1246,547,0.21967614,0.40360526,0.88287786,0.69492471,1.61267560,1.88024675,PASS,PASS,PASS,11.71400000,messages/run_0188_message.txt,encoded/run_0188_encoded.txt
189,academic_04.txt,academic,398,3216,430686144,2035 JAN 15 14:40:09 UTC,NEPTUNE BARYCENTER,VENUS BARYCENTER,4475731736.00818634,117121803.54440257,753186530,11936128517806297927,68888,9008,5066,63.48203711,1652,2.39809546,32.60955389,1536,218,889,485,60,719,2554,1583,210,1390,1883,1158,635,0.21967614,0.42468683,0.88287786,0.64584495,1.61267560,1.90487218,PASS,PASS,PASS,11.41130000,messages/run_0189_message.txt,encoded/run_0189_encoded.txt
190,academic_04.txt,academic,497,4008,712107225,2031 APR 05 01:18:50 UTC,URANUS BARYCENTER,MERCURY BARYCENTER,2923872892.90846062,88575927.95388541,641403616,11936128517711769413,68888,9008,5066,79.11567311,2065,2.99761932,40.76194236,1901,265,1135,575,90,719,2554,1583,210,1589,1684,1098,695,0.21967614,0.48548732,0.88287786,0.61238148,1.61267560,1.92412624,PASS,PASS,PASS,12.39920000,messages/run_0190_message.txt,encoded/run_0190_encoded.txt
191,reports_unique_04.txt,reports,259,2104,96420483,2031 MAY 27 01:49:43 UTC,MARS BARYCENTER,URANUS BARYCENTER,85699787.09965974,3006108282.23001719,255437859,11936128518365907334,66346,9480,5847,35.98426544,1049,1.58110512,17.94082435,1001,39,543,459,8,250,2753,2790,54,754,2249,2339,505,0.08325008,0.25108225,0.98101266,0.82243319,1.27786643,1.74520347,PASS,PASS,PASS,11.45880000,messages/run_0191_message.txt,encoded/run_0191_encoded.txt
192,reports_unique_04.txt,reports,311,2520,3497416605,2027 AUG 17 05:54:26 UTC,JUPITER BARYCENTER,VENUS BARYCENTER,955675938.99057782,258759958.05103528,4230416209,11936128517005288180,66346,9480,5847,43.09902514,1243,1.87351159,21.25876518,1177,43,638,549,13,250,2753,2790,54,845,2158,2254,590,0.08325008,0.28138528,0.98101266,0.79254571,1.27786643,1.79806819,PASS,PASS,PASS,11.67310000,messages/run_0192_message.txt,encoded/run_0192_encoded.txt
193,reports_unique_04.txt,reports,393,3176,982240688,2026 FEB 18 20:56:56 UTC,MERCURY BARYCENTER,MARS BARYCENTER,143987013.34651449,352380404.61787748,237689027,11936128518381862246,66346,9480,5847,54.31845391,1536,2.31513580,26.26988199,1429,51,775,701,9,250,2753,2790,54,974,2029,2098,746,0.08325008,0.32434232,0.98101266,0.73769339,1.27786643,1.87016259,PASS,PASS,PASS,11.74010000,messages/run_0193_message.txt,encoded/run_0193_encoded.txt
194,reports_unique_04.txt,reports,410,3312,1851909644,2023 AUG 19 21:21:01 UTC,MERCURY BARYCENTER,JUPITER BARYCENTER,112564080.94833300,697518704.31223083,2056207715,11936128519247665350,66346,9480,5847,56.64443304,1632,2.45983179,27.91174962,1513,61,853,700,18,250,2753,2790,54,1042,1961,2108,736,0.08325008,0.34698635,0.98101266,0.74120956,1.27786643,1.87904534,PASS,PASS,PASS,12.10210000,messages/run_0194_message.txt,encoded/run_0194_encoded.txt
195,reports_unique_04.txt,reports,459,3704,574851557,2029 FEB 01 21:13:17 UTC,NEPTUNE BARYCENTER,MARS BARYCENTER,4553383072.92901897,139841048.12532035,760499687,11936128517801109570,66346,9480,5847,63.34872584,1860,2.80348476,31.81118522,1705,77,955,810,18,250,2753,2790,54,1128,1875,1998,846,0.08325008,0.37562438,0.98101266,0.70253165,1.27786643,1.91704320,PASS,PASS,PASS,12.18650000,messages/run_0195_message.txt,encoded/run_0195_encoded.txt
196,reports_02.txt,reports,283,2296,2348470756,2032 SEP 16 21:37:46 UTC,JUPITER BARYCENTER,URANUS BARYCENTER,683786096.81402087,2862038117.98677492,2591927712,11936128516574676997,68599,9730,5536,41.47398844,1132,1.65016983,20.44797688,1074,69,596,458,9,395,2667,2432,42,922,2140,1983,491,0.12900065,0.30111039,0.98302344,0.80153597,1.35411438,1.80129041,PASS,PASS,PASS,12.52120000,messages/run_0196_message.txt,encoded/run_0196_encoded.txt
197,reports_02.txt,reports,319,2584,650226481,2035 JUL 01 16:35:07 UTC,SATURN BARYCENTER,NEPTUNE BARYCENTER,1497527424.17878938,4499598552.75065041,1058473698,11936128518098953031,68599,9730,5536,46.67630058,1279,1.86445867,23.10332370,1196,93,677,501,8,395,2667,2432,42,979,2083,1939,535,0.12900065,0.31972567,0.98302344,0.78375101,1.35411438,1.82852751,PASS,PASS,PASS,12.17800000,messages/run_0197_message.txt,encoded/run_0197_encoded.txt
198,reports_02.txt,reports,350,2832,2653133325,2021 AUG 27 05:22:10 UTC,SATURN BARYCENTER,VENUS BARYCENTER,1350225623.64626741,170797927.86789373,2592240548,11936128516563129857,68599,9730,5536,51.15606936,1407,2.05105031,25.41546243,1329,100,741,554,12,395,2667,2432,42,1036,2026,1890,584,0.12900065,0.33834095,0.98302344,0.76394503,1.35411438,1.85482602,PASS,PASS,PASS,12.01420000,messages/run_0198_message.txt,encoded/run_0198_encoded.txt
199,reports_02.txt,reports,448,3616,2775474232,2035 DEC 04 21:19:08 UTC,MERCURY BARYCENTER,NEPTUNE BARYCENTER,201952919.25334838,4367881435.18884277,3106533241,11936128515982510812,68599,9730,5536,65.31791908,1810,2.63852243,32.69508671,1648,125,942,729,14,395,2667,2432,42,1212,1850,1717,757,0.12900065,0.39581973,0.98302344,0.69401778,1.35411438,1.92456076,PASS,PASS,PASS,13.81180000,messages/run_0199_message.txt,encoded/run_0199_encoded.txt
200,reports_02.txt,reports,482,3888,2103899705,2021 JUL 01 06:50:06 UTC,MERCURY BARYCENTER,URANUS BARYCENTER,115227291.24919666,3036935228.96710825,1174096162,11936128519267871879,68599,9730,5536,70.23121387,1949,2.84114929,35.20592486,1769,139,1023,770,17,395,2667,2432,42,1279,1783,1679,795,0.12900065,0.41770085,0.98302344,0.67865804,1.35411438,1.93890625,PASS,PASS,PASS,13.33590000,messages/run_0200_message.txt,encoded/run_0200_encoded.txt
201,instructions_unique_01.txt,instructions,297,2408,2949664751,2034 FEB 26 01:51:47 UTC,NEPTUNE BARYCENTER,JUPITER BARYCENTER,4575302002.75374508,889901864.70103729,2200471337,11936128516150338188,74077,12201,4935,48.79432624,1242,1.67663377,25.16717325,1194,176,675,365,26,729,2514,1588,104,1228,2015,1249,443,0.22479186,0.37866173,0.93853428,0.73817967,1.54700434,1.84086578,PASS,PASS,PASS,12.40740000,messages/run_0201_message.txt,encoded/run_0201_encoded.txt
202,instructions_unique_01.txt,instructions,302,2448,3568391018,2024 JUN 20 01:25:05 UTC,MARS BARYCENTER,MERCURY BARYCENTER,266885449.81902519,195363586.01441610,3754615512,11936128517557667709,74077,12201,4935,49.60486322,1256,1.69553303,25.45086120,1207,180,676,375,25,729,2514,1588,104,1225,2018,1238,454,0.22479186,0.37773666,0.93853428,0.73167849,1.54700434,1.84370913,PASS,PASS,PASS,12.58300000,messages/run_0202_message.txt,encoded/run_0202_encoded.txt
203,instructions_unique_01.txt,instructions,388,3136,138807729,2026 DEC 19 03:13:29 UTC,JUPITER BARYCENTER,MARS BARYCENTER,713272024.60299897,152601231.23080114,109696634,11936128518241154015,74077,12201,4935,63.54609929,1549,2.09106740,31.38804458,1471,218,853,446,32,729,2514,1588,104,1364,1879,1174,518,0.22479186,0.42059821,0.93853428,0.69385343,1.54700434,1.87735299,PASS,PASS,PASS,12.79060000,messages/run_0203_message.txt,encoded/run_0203_encoded.txt
204,instructions_unique_01.txt,instructions,403,3256,2561861467,2031 AUG 14 16:15:21 UTC,NEPTUNE BARYCENTER,MERCURY BARYCENTER,4374124471.27954483,93410837.35234579,2190744104,11936128516161126285,74077,12201,4935,65.97771023,1632,2.20311298,33.06990881,1538,215,882,501,34,729,2514,1588,104,1396,1847,1121,571,0.22479186,0.43046562,0.93853428,0.66252955,1.54700434,1.89171561,PASS,PASS,PASS,13.05080000,messages/run_0204_message.txt,encoded/run_0204_encoded.txt
205,instructions_unique_01.txt,instructions,465,3752,2028492343,2029 JUN 05 09:11:31 UTC,JUPITER BARYCENTER,NEPTUNE BARYCENTER,723109899.76215458,4530602102.03733349,1671452417,11936128518825833124,74077,12201,4935,76.02836879,1905,2.57164842,38.60182371,1763,259,1039,556,51,729,2514,1588,104,1509,1734,1083,609,0.22479186,0.46530990,0.93853428,0.64007092,1.54700434,1.90557130,PASS,PASS,PASS,12.74780000,messages/run_0205_message.txt,encoded/run_0205_encoded.txt
206,instructions_03.txt,instructions,250,2032,3827397246,2029 MAR 01 00:02:41 UTC,VENUS BARYCENTER,MARS BARYCENTER,255314414.90775782,109612678.54130305,3715460110,11936128517530503595,69952,11568,4655,43.65198711,1031,1.47386780,22.14822771,985,182,485,314,50,880,2041,1523,211,1183,1738,1259,475,0.30126669,0.40499829,0.87831603,0.72606690,1.70553445,1.87916000,PASS,PASS,PASS,11.42230000,messages/run_0206_message.txt,encoded/run_0206_encoded.txt
207,instructions_03.txt,instructions,298,2416,3629905227,2027 APR 11 14:58:30 UTC,NEPTUNE BARYCENTER,URANUS BARYCENTER,4612318956.76834488,3013218691.73519468,4131191333,11936128516906114944,69952,11568,4655,51.90118153,1185,1.69401876,25.45649839,1113,212,578,343,52,880,2041,1523,211,1246,1675,1232,502,0.30126669,0.42656624,0.87831603,0.71049596,1.70553445,1.89363474,PASS,PASS,PASS,11.33970000,messages/run_0207_message.txt,encoded/run_0207_encoded.txt
208,instructions_03.txt,instructions,385,3112,3105014622,2023 JUN 21 16:55:55 UTC,SATURN BARYCENTER,URANUS BARYCENTER,1398901419.78759432,3055602729.57116318,2915129816,11936128515644390525,69952,11568,4655,66.85284640,1547,2.21151647,33.23308271,1435,271,732,472,72,880,2041,1523,211,1341,1580,1123,611,0.30126669,0.45908935,0.87831603,0.64763552,1.70553445,1.92576082,PASS,PASS,PASS,11.68100000,messages/run_0208_message.txt,encoded/run_0208_encoded.txt
209,instructions_03.txt,instructions,429,3464,954988603,2023 JUN 05 18:00:54 UTC,NEPTUNE BARYCENTER,SATURN BARYCENTER,4505176483.32527351,1437178896.34525228,64558769,11936128518296744724,69952,11568,4655,74.41460795,1699,2.42880833,36.49838883,1561,294,815,500,90,880,2041,1523,211,1401,1520,1113,621,0.30126669,0.47963026,0.87831603,0.64186851,1.70553445,1.92989040,PASS,PASS,PASS,11.53270000,messages/run_0209_message.txt,encoded/run_0209_encoded.txt
210,instructions_03.txt,instructions,453,3656,784858108,2032 JAN 27 09:18:30 UTC,MERCURY BARYCENTER,VENUS BARYCENTER,212331605.70139036,202068317.27231693,608802256,11936128517683294325,69952,11568,4655,78.53920516,1805,2.58034081,38.77551020,1648,318,855,546,86,880,2041,1523,211,1417,1504,1063,671,0.30126669,0.48510784,0.87831603,0.61303345,1.70553445,1.93832088,PASS,PASS,PASS,11.94110000,messages/run_0210_message.txt,encoded/run_0210_encoded.txt
211,reports_04.txt,reports,292,2368,1658412334,2021 DEC 16 07:37:45 UTC,MARS BARYCENTER,JUPITER BARYCENTER,361910278.56773823,802295851.72573185,1930595311,11936128519105883722,62967,8947,5063,46.77068931,1159,1.84064669,22.89156627,1101,80,608,459,12,356,2449,2208,50,884,1921,1761,497,0.12691622,0.31515152,0.97785651,0.77989371,1.36405018,1.82875069,PASS,PASS,PASS,10.60050000,messages/run_0211_message.txt,encoded/run_0211_encoded.txt
212,reports_04.txt,reports,312,2528,2838868313,2027 NOV 14 07:18:27 UTC,MERCURY BARYCENTER,JUPITER BARYCENTER,182461044.27639017,875755159.47631741,2762475555,11936128515521228166,62967,8947,5063,49.93087103,1224,1.94387536,24.17539008,1141,74,644,494,12,356,2449,2208,50,926,1879,1726,532,0.12691622,0.33012478,0.97785651,0.76439327,1.36405018,1.84980136,PASS,PASS,PASS,12.90420000,messages/run_0212_message.txt,encoded/run_0212_encoded.txt
213,reports_04.txt,reports,369,2984,3857047478,2024 SEP 27 13:51:45 UTC,JUPITER BARYCENTER,URANUS BARYCENTER,705830174.64391434,2832888495.73502874,3349423077,11936128517147821632,62967,8947,5063,58.93738890,1523,2.41872727,30.08097966,1401,95,784,626,18,356,2449,2208,50,1045,1760,1600,658,0.12691622,0.37254902,0.97785651,0.70859167,1.36405018,1.90756876,PASS,PASS,PASS,11.04440000,messages/run_0213_message.txt,encoded/run_0213_encoded.txt
214,reports_04.txt,reports,433,3496,3646079027,2035 JUL 04 15:52:40 UTC,JUPITER BARYCENTER,NEPTUNE BARYCENTER,811238449.98591745,4492326948.25981140,3815851102,11936128516691911163,62967,8947,5063,69.04997037,1777,2.82211317,35.09776812,1621,112,936,711,18,356,2449,2208,50,1180,1625,1515,743,0.12691622,0.42067736,0.97785651,0.67094774,1.36405018,1.94308847,PASS,PASS,PASS,11.82040000,messages/run_0214_message.txt,encoded/run_0214_encoded.txt
215,reports_04.txt,reports,479,3864,87193302,2034 FEB 07 07:30:24 UTC,NEPTUNE BARYCENTER,VENUS BARYCENTER,4537942954.38356686,252737850.73342839,893624232,11936128517934561805,62967,8947,5063,76.31838831,1975,3.13656360,39.00849299,1745,121,1012,816,26,356,2449,2208,50,1247,1558,1418,840,0.12691622,0.44456328,0.97785651,0.62798937,1.36405018,1.96532449,PASS,PASS,PASS,12.49630000,messages/run_0215_message.txt,encoded/run_0215_encoded.txt
216,general_02.txt,general,253,2056,2857632457,2034 MAR 21 13:48:06 UTC,URANUS BARYCENTER,MARS BARYCENTER,2826463464.95267582,304261221.25504375,2699123481,11936128515591962300,65595,9643,4247,48.41064281,1007,1.53517799,23.71085472,969,193,407,407,0,782,1565,1900,0,996,1351,1493,407,0.33319131,0.42437154,1.00000000,0.78578947,1.49938936,1.87075117,PASS,PASS,PASS,10.64400000,messages/run_0216_message.txt,encoded/run_0216_encoded.txt
217,general_02.txt,general,339,2744,2316560213,2026 JAN 14 20:32:16 UTC,NEPTUNE BARYCENTER,MERCURY BARYCENTER,4530733911.64826393,213986315.69873238,2677846898,11936128516480374487,65595,9643,4247,64.61031316,1322,2.01539752,31.12785496,1259,246,549,527,0,782,1565,1900,0,1085,1262,1373,527,0.33319131,0.46229229,1.00000000,0.72263158,1.49938936,1.92344201,PASS,PASS,PASS,11.12540000,messages/run_0217_message.txt,encoded/run_0217_encoded.txt
218,general_02.txt,general,381,3080,2776659233,2031 JUN 23 03:40:48 UTC,JUPITER BARYCENTER,VENUS BARYCENTER,638831173.88443100,80985158.16066220,2624866296,11936128516473610845,65595,9643,4247,72.52178008,1503,2.29133318,35.38968684,1423,245,615,643,0,782,1565,1900,0,1152,1195,1257,643,0.33319131,0.49083937,1.00000000,0.66157895,1.49938936,1.95754673,PASS,PASS,PASS,13.89710000,messages/run_0218_message.txt,encoded/run_0218_encoded.txt
219,general_02.txt,general,441,3560,2054573588,2034 APR 14 07:02:19 UTC,MERCURY BARYCENTER,NEPTUNE BARYCENTER,198492340.97641906,4613644891.66328716,1357205179,11936128519618226974,65595,9643,4247,83.82387568,1732,2.64044516,40.78172828,1625,302,716,714,0,782,1565,1900,0,1196,1151,1186,714,0.33319131,0.50958671,1.00000000,0.62421053,1.49938936,1.97172210,PASS,PASS,PASS,12.66040000,messages/run_0219_message.txt,encoded/run_0219_encoded.txt
220,general_02.txt,general,466,3760,3470141400,2034 SEP 18 12:19:18 UTC,URANUS BARYCENTER,MERCURY BARYCENTER,2862457946.67051220,141515894.38617042,3380637131,11936128517317970030,65595,9643,4247,88.53308218,1827,2.78527327,43.01860137,1713,325,738,764,0,782,1565,1900,0,1195,1152,1136,764,0.33319131,0.50916063,1.00000000,0.59789474,1.49938936,1.97940949,PASS,PASS,PASS,11.34150000,messages/run_0220_message.txt,encoded/run_0220_encoded.txt
221,technical_05.txt,technical,284,2304,557747073,2024 MAY 15 06:11:13 UTC,MARS BARYCENTER,NEPTUNE BARYCENTER,287664283.49077362,4556715536.52770233,729486160,11936128517900515061,69405,10555,6231,36.97640828,1151,1.65838196,18.47215535,1100,215,608,328,0,1192,3060,1979,0,1585,2667,1651,328,0.28033866,0.37276576,1.00000000,0.83425973,1.48582804,1.75769103,PASS,PASS,PASS,12.04110000,messages/run_0221_message.txt,encoded/run_0221_encoded.txt
222,technical_05.txt,technical,336,2720,1915839125,2026 MAR 12 19:28:06 UTC,MERCURY BARYCENTER,URANUS BARYCENTER,93164668.77568755,2971555176.54627943,1145083695,11936128519293448842,69405,10555,6231,43.65270422,1374,1.97968446,22.05103515,1286,264,724,386,0,1192,3060,1979,0,1652,2600,1593,386,0.28033866,0.38852305,1.00000000,0.80495200,1.48582804,1.78558493,PASS,PASS,PASS,12.45250000,messages/run_0222_message.txt,encoded/run_0222_encoded.txt
223,technical_05.txt,technical,377,3048,332770287,2022 DEC 04 11:14:38 UTC,VENUS BARYCENTER,MARS BARYCENTER,250307207.37224820,81621216.17702161,127042125,11936128518225078248,69405,10555,6231,48.91670679,1554,2.23903177,24.93981704,1452,268,808,478,0,1192,3060,1979,0,1732,2520,1501,478,0.28033866,0.40733772,1.00000000,0.75846387,1.48582804,1.82046623,PASS,PASS,PASS,12.10850000,messages/run_0223_message.txt,encoded/run_0223_encoded.txt
224,technical_05.txt,technical,443,3576,1830091493,2022 JAN 23 12:09:17 UTC,NEPTUNE BARYCENTER,JUPITER BARYCENTER,4573643910.14242935,867243370.85903895,1290017182,11936128519416953915,69405,10555,6231,57.39046702,1782,2.56753836,28.59894078,1644,315,951,516,0,1192,3060,1979,0,1828,2424,1463,516,0.28033866,0.42991533,1.00000000,0.73926225,1.48582804,1.83738190,PASS,PASS,PASS,12.64070000,messages/run_0224_message.txt,encoded/run_0224_encoded.txt
225,technical_05.txt,technical,469,3784,2336607237,2026 OCT 17 10:13:51 UTC,NEPTUNE BARYCENTER,SATURN BARYCENTER,4330755777.26712227,1265541555.46981215,2512106361,11936128516310832860,69405,10555,6231,60.72861499,1918,2.76348966,30.78157599,1754,320,1041,557,0,1192,3060,1979,0,1913,2339,1422,557,0.28033866,0.44990593,1.00000000,0.71854472,1.48582804,1.85152701,PASS,PASS,PASS,12.33630000,messages/run_0225_message.txt,encoded/run_0225_encoded.txt
226,reviews_unique_01.txt,reviews,288,2336,2606553797,2029 MAR 14 04:04:32 UTC,JUPITER BARYCENTER,SATURN BARYCENTER,685800463.21509659,1476466630.28301072,2878147466,11936128515741101615,75551,11538,4702,49.68098681,1168,1.54597557,24.84049341,1085,251,489,365,63,1138,1852,1490,222,1376,1614,1188,524,0.38060201,0.46020067,0.87032710,0.69392523,1.75815906,1.90256057,PASS,PASS,PASS,13.03070000,messages/run_0226_message.txt,encoded/run_0226_encoded.txt
227,reviews_unique_01.txt,reviews,324,2624,27086688,2022 AUG 02 07:34:22 UTC,VENUS BARYCENTER,SATURN BARYCENTER,233474628.92493924,1328491404.02841353,831654980,11936128517990230497,75551,11538,4702,55.80603998,1297,1.71672116,27.58400681,1197,303,555,369,70,1138,1852,1490,222,1390,1600,1191,521,0.38060201,0.46488294,0.87032710,0.69567757,1.75815906,1.90244815,PASS,PASS,PASS,12.42350000,messages/run_0227_message.txt,encoded/run_0227_encoded.txt
228,reviews_unique_01.txt,reviews,395,3192,2260803279,2026 AUG 17 14:26:26 UTC,MARS BARYCENTER,VENUS BARYCENTER,287807707.93892902,99837554.25594059,2794825736,11936128515557035437,75551,11538,4702,67.88600595,1556,2.05953594,33.09230115,1406,350,676,453,77,1138,1852,1490,222,1464,1526,1114,598,0.38060201,0.48963211,0.87032710,0.65070093,1.75815906,1.92160268,PASS,PASS,PASS,12.82480000,messages/run_0228_message.txt,encoded/run_0228_encoded.txt
229,reviews_unique_01.txt,reviews,416,3360,3350571176,2022 MAY 25 00:54:07 UTC,SATURN BARYCENTER,VENUS BARYCENTER,1448839599.49427438,175352146.27413031,3296569219,11936128517145100838,75551,11538,4702,71.45895364,1699,2.24881206,36.13356019,1553,377,757,482,83,1138,1852,1490,222,1518,1472,1091,621,0.38060201,0.50769231,0.87032710,0.63726636,1.75815906,1.92587430,PASS,PASS,PASS,12.32040000,messages/run_0229_message.txt,encoded/run_0229_encoded.txt
230,reviews_unique_01.txt,reviews,455,3672,172911352,2023 FEB 06 07:32:33 UTC,MERCURY BARYCENTER,VENUS BARYCENTER,166502083.60300913,221115833.27017057,296941624,11936128518524984733,75551,11538,4702,78.09442790,1828,2.41955765,38.87707359,1654,407,779,533,109,1138,1852,1490,222,1510,1480,1066,646,0.38060201,0.50501672,0.87032710,0.62266355,1.75815906,1.93001831,PASS,PASS,PASS,12.71100000,messages/run_0230_message.txt,encoded/run_0230_encoded.txt
231,academic_03.txt,academic,284,2304,1340480887,2021 NOV 01 05:41:54 UTC,VENUS BARYCENTER,NEPTUNE BARYCENTER,97135424.50175254,4376187719.65559006,1288143423,11936128519419078554,69654,9069,5074,45.40796216,1160,1.66537457,22.86164762,1115,137,639,334,50,697,2555,1607,215,1199,2053,1323,499,0.21432964,0.36869619,0.88199780,0.72612514,1.61041461,1.85471068,PASS,PASS,PASS,11.71850000,messages/run_0231_message.txt,encoded/run_0231_encoded.txt
232,academic_03.txt,academic,311,2520,893124194,2031 JAN 11 13:46:46 UTC,MERCURY BARYCENTER,SATURN BARYCENTER,170258363.67465848,1254051312.45932984,760513415,11936128517801059874,69654,9069,5074,49.66495861,1276,1.83191202,25.14781238,1211,163,691,362,60,697,2555,1607,215,1225,2027,1305,517,0.21432964,0.37669127,0.88199780,0.71624588,1.61041461,1.86342402,PASS,PASS,PASS,11.97430000,messages/run_0232_message.txt,encoded/run_0232_encoded.txt
233,academic_03.txt,academic,349,2824,1896803068,2020 JAN 21 01:25:28 UTC,NEPTUNE BARYCENTER,URANUS BARYCENTER,4578269317.73346901,2955042553.55754089,1875951417,11936128518900226716,69654,9069,5074,55.65628695,1432,2.05587619,28.22230981,1353,176,777,414,65,697,2555,1607,215,1298,1954,1258,564,0.21432964,0.39913899,0.88199780,0.69045005,1.61041461,1.88443242,PASS,PASS,PASS,12.64790000,messages/run_0233_message.txt,encoded/run_0233_encoded.txt
234,academic_03.txt,academic,398,3216,1812490746,2033 OCT 21 02:22:26 UTC,MARS BARYCENTER,URANUS BARYCENTER,133708955.70635973,2778094562.52403402,2054825328,11936128519259521237,69654,9069,5074,63.38194718,1610,2.31142504,31.73039022,1497,215,869,446,80,697,2555,1607,215,1351,1901,1241,581,0.21432964,0.41543665,0.88199780,0.68111965,1.61041461,1.89385959,PASS,PASS,PASS,13.13870000,messages/run_0234_message.txt,encoded/run_0234_encoded.txt
235,academic_03.txt,academic,487,3928,1929490888,2035 MAY 07 05:29:19 UTC,SATURN BARYCENTER,MARS BARYCENTER,1396246536.57336402,154065668.79110387,1814795847,11936128518885094370,69654,9069,5074,77.41426882,1964,2.81965142,38.70713441,1828,247,1076,559,82,697,2555,1607,215,1526,1726,1130,692,0.21432964,0.46924969,0.88199780,0.62019759,1.61041461,1.92505508,PASS,PASS,PASS,13.27750000,messages/run_0235_message.txt,encoded/run_0235_encoded.txt
236,business_02.txt,business,294,2384,2496651267,2025 OCT 14 05:39:04 UTC,NEPTUNE BARYCENTER,MARS BARYCENTER,4331364593.79666328,356628614.69045889,2396414108,11936128516232561977,63904,8960,7205,33.08813324,1209,1.89190035,16.78001388,1136,113,733,336,27,698,4007,2322,178,1318,3387,2013,487,0.14835282,0.28012752,0.92880000,0.80520000,1.45539541,1.73692631,PASS,PASS,PASS,13.97060000,messages/run_0236_message.txt,encoded/run_0236_encoded.txt
237,business_02.txt,business,333,2696,2189635348,2032 SEP 11 22:59:59 UTC,MARS BARYCENTER,MERCURY BARYCENTER,383968714.89838904,207883143.11490065,2192092471,11936128516158720146,63904,8960,7205,37.41845940,1394,2.18139710,19.34767523,1299,130,820,401,43,698,4007,2322,178,1388,3317,1964,536,0.14835282,0.29500531,0.92880000,0.78560000,1.45539541,1.76296930,PASS,PASS,PASS,14.77460000,messages/run_0237_message.txt,encoded/run_0237_encoded.txt
238,business_02.txt,business,385,3112,1291405369,2028 MAY 05 13:44:15 UTC,SATURN BARYCENTER,NEPTUNE BARYCENTER,1532800426.53735542,4586002477.50184536,2128437954,11936128519185680231,63904,8960,7205,43.19222762,1572,2.45993991,21.81818182,1460,140,946,443,43,698,4007,2322,178,1504,3201,1922,578,0.14835282,0.31965994,0.92880000,0.76880000,1.45539541,1.79235858,PASS,PASS,PASS,13.52040000,messages/run_0238_message.txt,encoded/run_0238_encoded.txt
239,business_02.txt,business,414,3344,3631076041,2023 APR 03 09:35:11 UTC,VENUS BARYCENTER,JUPITER BARYCENTER,175930318.27492264,889313759.70719600,4132499648,11936128516912141669,63904,8960,7205,46.41221374,1709,2.67432399,23.71963914,1565,142,1010,503,54,698,4007,2322,178,1566,3139,1873,627,0.14835282,0.33283741,0.92880000,0.74920000,1.45539541,1.81262057,PASS,PASS,PASS,11.93980000,messages/run_0239_message.txt,encoded/run_0239_encoded.txt
240,business_02.txt,business,456,3680,1092615362,2031 AUG 14 00:19:23 UTC,URANUS BARYCENTER,VENUS BARYCENTER,2943383820.71485615,43393372.51455607,2009357527,11936128519033190770,63904,8960,7205,51.07564192,1886,2.95130195,26.17626648,1728,160,1103,558,65,698,4007,2322,178,1641,3064,1829,671,0.14835282,0.34877790,0.92880000,0.73160000,1.45539541,1.83176382,PASS,PASS,PASS,12.39130000,messages/run_0240_message.txt,encoded/run_0240_encoded.txt
241,general_info_unique_04.txt,general,262,2128,3882623915,2025 JAN 17 00:55:44 UTC,MERCURY BARYCENTER,MARS BARYCENTER,201545812.30393681,96416240.77649826,3426940469,11936128517280322448,73003,10483,5158,41.25630089,1025,1.40405189,19.87204343,995,206,398,397,24,1104,1809,2172,73,1296,1617,1799,446,0.37899073,0.44490216,0.96748330,0.80133630,1.61855596,1.86071391,PASS,PASS,PASS,11.84990000,messages/run_0241_message.txt,encoded/run_0241_encoded.txt
242,general_info_unique_04.txt,general,306,2480,3723901102,2028 DEC 06 12:08:15 UTC,SATURN BARYCENTER,MERCURY BARYCENTER,1261296362.77451205,209163491.24515089,3424166412,11936128517277550505,73003,10483,5158,48.08065142,1168,1.59993425,22.64443583,1110,214,439,494,21,1104,1809,2172,73,1329,1584,1699,546,0.37899073,0.45623069,0.96748330,0.75679287,1.61855596,1.89783730,PASS,PASS,PASS,12.11440000,messages/run_0242_message.txt,encoded/run_0242_encoded.txt
243,general_info_unique_04.txt,general,352,2848,2145881037,2027 FEB 13 21:15:49 UTC,URANUS BARYCENTER,JUPITER BARYCENTER,2883601541.30549288,652664285.44067633,2043176882,11936128519201735191,73003,10483,5158,55.21519969,1348,1.84649946,26.13416053,1282,277,508,535,28,1104,1809,2172,73,1335,1578,1665,580,0.37899073,0.45829042,0.96748330,0.74164811,1.61855596,1.90853429,PASS,PASS,PASS,11.99590000,messages/run_0243_message.txt,encoded/run_0243_encoded.txt
244,general_info_unique_04.txt,general,420,3392,1958944433,2024 JAN 03 09:43:06 UTC,URANUS BARYCENTER,SATURN BARYCENTER,2843518352.26939440,1544762002.22170687,1929763626,11936128519104396943,73003,10483,5158,65.76192323,1732,2.37250524,33.57890655,1618,355,686,666,25,1104,1809,2172,73,1435,1478,1531,714,0.37899073,0.49261929,0.96748330,0.68195991,1.61855596,1.94522778,PASS,PASS,PASS,12.15100000,messages/run_0244_message.txt,encoded/run_0244_encoded.txt
245,general_info_unique_04.txt,general,480,3872,1714760691,2021 OCT 09 20:07:21 UTC,MARS BARYCENTER,SATURN BARYCENTER,392918374.57960415,1428482647.85697031,1621485181,11936128518808683480,73003,10483,5158,75.06785576,1889,2.58756489,36.62272199,1768,375,740,747,27,1104,1809,2172,73,1469,1444,1452,793,0.37899073,0.50429111,0.96748330,0.64677060,1.61855596,1.96038166,PASS,PASS,PASS,12.08620000,messages/run_0245_message.txt,encoded/run_0245_encoded.txt
246,instructions_unique_04.txt,instructions,256,2080,138956078,2030 MAY 16 06:24:53 UTC,VENUS BARYCENTER,MERCURY BARYCENTER,168582303.41715986,111362582.77664690,479510602,11936128518610576879,74101,12229,4898,42.46631278,1057,1.42643149,21.58023683,1022,144,584,307,22,683,2532,1586,97,1123,2092,1301,382,0.21244168,0.34930016,0.94236482,0.77302436,1.52724244,1.80644084,PASS,PASS,PASS,11.81770000,messages/run_0246_message.txt,encoded/run_0246_encoded.txt
247,instructions_unique_04.txt,instructions,332,2688,1880393542,2023 FEB 12 05:51:07 UTC,SATURN BARYCENTER,URANUS BARYCENTER,1617013463.38498831,2958838383.49043083,1723836518,11936128518776819139,74101,12229,4898,54.87954267,1374,1.85422599,28.05226623,1289,190,762,390,32,683,2532,1586,97,1255,1960,1228,455,0.21244168,0.39035770,0.94236482,0.72964944,1.52724244,1.85097551,PASS,PASS,PASS,12.12360000,messages/run_0247_message.txt,encoded/run_0247_encoded.txt
248,instructions_unique_04.txt,instructions,375,3032,1658428443,2029 OCT 18 13:51:10 UTC,JUPITER BARYCENTER,MERCURY BARYCENTER,959312052.97537184,199226257.70742762,1166170328,11936128519264271741,74101,12229,4898,61.90281748,1532,2.06744848,31.27807268,1438,176,862,470,24,683,2532,1586,97,1369,1846,1140,543,0.21244168,0.42581649,0.94236482,0.67736185,1.52724244,1.88589216,PASS,PASS,PASS,12.02720000,messages/run_0248_message.txt,encoded/run_0248_encoded.txt
249,instructions_unique_04.txt,instructions,428,3456,3377737491,2027 JAN 06 02:10:23 UTC,SATURN BARYCENTER,JUPITER BARYCENTER,1417231038.42720842,680974999.07939327,4179522768,11936128517059367285,74101,12229,4898,70.55941200,1766,2.38323369,36.05553287,1653,239,993,502,32,683,2532,1586,97,1437,1778,1116,567,0.21244168,0.44696734,0.94236482,0.66310160,1.52724244,1.89603089,PASS,PASS,PASS,12.12440000,messages/run_0249_message.txt,encoded/run_0249_encoded.txt
250,instructions_unique_04.txt,instructions,471,3800,1160941331,2028 MAR 10 10:01:14 UTC,URANUS BARYCENTER,NEPTUNE BARYCENTER,2926532669.48789835,4611028622.08970165,1918706823,11936128519126941986,74101,12229,4898,77.58268681,1910,2.57756306,38.99550837,1780,257,1054,554,45,683,2532,1586,97,1480,1735,1077,606,0.21244168,0.46034215,0.94236482,0.63992870,1.52724244,1.90557497,PASS,PASS,PASS,12.40230000,messages/run_0250_message.txt,encoded/run_0250_encoded.txt
251,academic_unique_02.txt,academic,278,2256,3408525818,2028 FEB 07 08:07:34 UTC,JUPITER BARYCENTER,MARS BARYCENTER,691350984.67095923,350811718.72344601,4193082337,11936128517051842116,66146,8686,4565,49.41949617,1134,1.71438938,24.84118291,1064,111,583,435,5,498,2104,1951,12,970,1632,1521,442,0.19139124,0.37279016,0.99388691,0.77483444,1.41041617,1.85978790,PASS,PASS,PASS,11.74080000,messages/run_0251_message.txt,encoded/run_0251_encoded.txt
252,academic_unique_02.txt,academic,337,2728,1476361404,2029 MAR 08 07:27:48 UTC,VENUS BARYCENTER,URANUS BARYCENTER,256448221.19520247,2899653109.99891949,2013088232,11936128519032597581,66146,8686,4565,59.75903614,1373,2.07571131,30.07667032,1266,137,700,533,3,498,2104,1951,12,1061,1541,1421,542,0.19139124,0.40776326,0.99388691,0.72389200,1.41041617,1.90728555,PASS,PASS,PASS,12.07480000,messages/run_0252_message.txt,encoded/run_0252_encoded.txt
253,academic_unique_02.txt,academic,356,2880,1579743250,2030 MAY 18 20:16:44 UTC,VENUS BARYCENTER,MERCURY BARYCENTER,171298003.99488649,117321943.43367565,1954693869,11936128519012607816,66146,8686,4565,63.08871851,1481,2.23898648,32.44249726,1379,159,741,576,5,498,2104,1951,12,1080,1522,1380,583,0.19139124,0.41506533,0.99388691,0.70300560,1.41041617,1.92125804,PASS,PASS,PASS,11.92770000,messages/run_0253_message.txt,encoded/run_0253_encoded.txt
254,academic_unique_02.txt,academic,442,3568,908977388,2024 OCT 25 14:40:46 UTC,SATURN BARYCENTER,URANUS BARYCENTER,1342959018.78351831,2789784446.49784327,296999556,11936128518524927777,66146,8686,4565,78.15991238,1750,2.64566263,38.33515882,1603,174,878,693,5,498,2104,1951,12,1202,1400,1263,700,0.19139124,0.46195234,0.99388691,0.64340295,1.41041617,1.95755924,PASS,PASS,PASS,11.33890000,messages/run_0254_message.txt,encoded/run_0254_encoded.txt
255,academic_unique_02.txt,academic,473,3816,2431899007,2030 JUL 03 14:05:57 UTC,VENUS BARYCENTER,SATURN BARYCENTER,214107705.25144523,1476861347.19133759,2644266383,11936128516446873642,66146,8686,4565,83.59255203,1897,2.86789829,41.55531216,1732,198,959,736,4,498,2104,1951,12,1259,1343,1219,744,0.19139124,0.48385857,0.99388691,0.62098828,1.41041617,1.96704709,PASS,PASS,PASS,11.93010000,messages/run_0255_message.txt,encoded/run_0255_encoded.txt
256,business_03.txt,business,264,2144,626873230,2027 AUG 20 09:36:20 UTC,SATURN BARYCENTER,VENUS BARYCENTER,1316533785.06036448,258502572.73747352,108819996,11936128518252516281,66404,9287,7551,28.39359025,1094,1.64749111,14.48814727,1045,110,657,293,34,747,4185,2413,206,1294,3638,2154,465,0.15145985,0.26236821,0.92134402,0.82245132,1.46975996,1.70754119,PASS,PASS,PASS,14.51670000,messages/run_0256_message.txt,encoded/run_0256_encoded.txt
257,business_03.txt,business,335,2712,1430775955,2026 JAN 14 13:03:29 UTC,MERCURY BARYCENTER,MARS BARYCENTER,213979619.33009014,358811388.06840760,1501546331,11936128519745725182,66404,9287,7551,35.91577275,1369,2.06162279,18.13004900,1294,111,807,419,32,747,4185,2413,206,1443,3489,2026,593,0.15145985,0.29257908,0.92134402,0.77357770,1.46975996,1.76845436,PASS,PASS,PASS,14.84840000,messages/run_0257_message.txt,encoded/run_0257_encoded.txt
258,business_03.txt,business,380,3072,2998288560,2023 JUN 16 10:43:51 UTC,SATURN BARYCENTER,NEPTUNE BARYCENTER,1411196580.96917105,4478506582.63170815,3056659249,11936128515832106644,66404,9287,7551,40.68335320,1564,2.35527980,20.71248841,1462,154,930,435,45,747,4185,2413,206,1523,3409,2023,596,0.15145985,0.30879968,0.92134402,0.77243223,1.46975996,1.78205887,PASS,PASS,PASS,14.12320000,messages/run_0258_message.txt,encoded/run_0258_encoded.txt
259,business_03.txt,business,428,3456,1828731300,2031 AUG 27 10:43:56 UTC,SATURN BARYCENTER,MERCURY BARYCENTER,1389974765.84489965,128421302.82899237,2144048687,11936128519168209802,66404,9287,7551,45.76877235,1806,2.71971568,23.91736194,1655,183,1059,515,49,747,4185,2413,206,1623,3309,1947,672,0.15145985,0.32907543,0.92134402,0.74341352,1.46975996,1.81313683,PASS,PASS,PASS,12.61590000,messages/run_0259_message.txt,encoded/run_0259_encoded.txt
260,business_03.txt,business,492,3968,288029037,2025 MAR 20 23:43:31 UTC,JUPITER BARYCENTER,URANUS BARYCENTER,792405477.83410931,3008916203.13742352,645297986,11936128517715251943,66404,9287,7551,52.54933121,2006,3.02090236,26.56601775,1826,176,1209,570,51,747,4185,2413,206,1780,3152,1894,725,0.15145985,0.36090835,0.92134402,0.72317679,1.46975996,1.84261984,PASS,PASS,PASS,12.42140000,messages/run_0260_message.txt,encoded/run_0260_encoded.txt
261,general_info_unique_03.txt,general,293,2376,2151770905,2028 FEB 21 21:15:22 UTC,NEPTUNE BARYCENTER,MARS BARYCENTER,4592288846.15006351,353216627.01233053,2392845621,11936128516228794512,69923,10031,4974,47.76839566,1141,1.63179497,22.93928428,1095,214,441,461,25,1052,1755,2094,73,1279,1528,1658,509,0.37477734,0.45564660,0.96631287,0.76511306,1.61915605,1.89177337,PASS,PASS,PASS,11.67250000,messages/run_0261_message.txt,encoded/run_0261_encoded.txt
262,general_info_unique_03.txt,general,331,2680,2026489611,2021 JUL 27 18:01:36 UTC,MERCURY BARYCENTER,JUPITER BARYCENTER,195319074.27370700,612406163.44725478,1720336084,11936128518778231665,69923,10031,4974,53.88017692,1300,1.85918796,26.13590671,1241,256,513,502,29,1052,1755,2094,73,1309,1498,1621,546,0.37477734,0.46633416,0.96631287,0.74803876,1.61915605,1.90530569,PASS,PASS,PASS,11.62520000,messages/run_0262_message.txt,encoded/run_0262_encoded.txt
263,general_info_unique_03.txt,general,381,3080,2366120227,2027 JAN 06 10:47:33 UTC,JUPITER BARYCENTER,VENUS BARYCENTER,680428592.68750906,103948696.32294378,2510170175,11936128516312763802,69923,10031,4974,61.92199437,1493,2.13520587,30.01608363,1430,322,546,589,36,1052,1755,2094,73,1276,1531,1541,626,0.37477734,0.45457784,0.96631287,0.71112137,1.61915605,1.92683362,PASS,PASS,PASS,12.07800000,messages/run_0263_message.txt,encoded/run_0263_encoded.txt
264,general_info_unique_03.txt,general,411,3320,2962437474,2023 JUN 20 16:13:04 UTC,JUPITER BARYCENTER,MARS BARYCENTER,826209402.64315915,320594574.45746118,2867318629,11936128515759565504,69923,10031,4974,66.74708484,1587,2.26963946,31.90591074,1495,321,618,623,25,1052,1755,2094,73,1349,1458,1496,671,0.37477734,0.48058425,0.96631287,0.69035533,1.61915605,1.94069089,PASS,PASS,PASS,12.23320000,messages/run_0264_message.txt,encoded/run_0264_encoded.txt
265,general_info_unique_03.txt,general,483,3896,2325264642,2032 FEB 10 02:04:11 UTC,VENUS BARYCENTER,JUPITER BARYCENTER,212699060.06031135,899284199.51956081,2904900216,11936128515646220253,69923,10031,4974,78.32730197,1956,2.79736281,39.32448733,1817,401,763,765,27,1052,1755,2094,73,1414,1393,1356,811,0.37477734,0.50374065,0.96631287,0.62574988,1.61915605,1.96790856,PASS,PASS,PASS,12.09800000,messages/run_0265_message.txt,encoded/run_0265_encoded.txt
266,reports_unique_02.txt,reports,252,2048,770367601,2030 SEP 20 17:31:54 UTC,URANUS BARYCENTER,JUPITER BARYCENTER,2851060164.90926266,876292478.24591804,32862471,11936128518260315298,68713,9834,6105,33.54627355,1015,1.47715862,16.62571663,982,39,529,441,6,265,2931,2863,46,755,2441,2428,481,0.08291615,0.23623279,0.98418701,0.83465108,1.27014702,1.71957392,PASS,PASS,PASS,11.78980000,messages/run_0266_message.txt,encoded/run_0266_encoded.txt
267,reports_unique_02.txt,reports,332,2688,1646337549,2035 JAN 11 11:35:23 UTC,JUPITER BARYCENTER,SATURN BARYCENTER,762579346.95183837,1213078093.90479064,1122096741,11936128519383577536,68713,9834,6105,44.02948403,1322,1.92394452,21.65438165,1259,53,665,588,16,265,2931,2863,46,877,2319,2291,618,0.08291615,0.27440551,0.98418701,0.78755586,1.27014702,1.79771516,PASS,PASS,PASS,11.96380000,messages/run_0267_message.txt,encoded/run_0267_encoded.txt
268,reports_unique_02.txt,reports,394,3184,1889147790,2027 SEP 20 09:42:04 UTC,URANUS BARYCENTER,MERCURY BARYCENTER,2850473251.94614458,156924449.22466201,1136168777,11936128519364225772,68713,9834,6105,52.15397215,1604,2.33434721,26.27354627,1494,63,828,705,8,265,2931,2863,46,1030,2166,2166,743,0.08291615,0.32227785,0.98418701,0.74458577,1.27014702,1.86374670,PASS,PASS,PASS,12.10390000,messages/run_0268_message.txt,encoded/run_0268_encoded.txt
269,reports_unique_02.txt,reports,420,3392,3510528838,2034 SEP 21 17:38:58 UTC,NEPTUNE BARYCENTER,MERCURY BARYCENTER,4325040060.71847916,133771868.87064657,3253467444,11936128517186411665,68713,9834,6105,55.56101556,1729,2.51626330,28.32104832,1594,70,915,732,12,265,2931,2863,46,1110,2086,2143,766,0.08291615,0.34730914,0.98418701,0.73667927,1.27014702,1.88243305,PASS,PASS,PASS,12.32110000,messages/run_0269_message.txt,encoded/run_0269_encoded.txt
270,reports_unique_02.txt,reports,447,3608,3693583191,2021 AUG 25 17:18:20 UTC,URANUS BARYCENTER,NEPTUNE BARYCENTER,2903042416.52418756,4333669910.67609406,3351037672,11936128517149385549,68713,9834,6105,59.09909910,1734,2.52353994,28.40294840,1599,68,907,745,14,265,2931,2863,46,1104,2092,2132,777,0.08291615,0.34543179,0.98418701,0.73289790,1.27014702,1.88418166,PASS,PASS,PASS,12.53490000,messages/run_0270_message.txt,encoded/run_0270_encoded.txt
271,technical_unique_04.txt,technical,261,2120,3251980197,2021 FEB 12 16:32:54 UTC,MARS BARYCENTER,NEPTUNE BARYCENTER,195464564.93770763,4609752269.08783913,3357864070,11936128517340747043,73123,10968,5199,40.77707251,1078,1.47422835,20.73475668,1025,160,598,320,0,883,2716,1600,0,1321,2278,1280,320,0.24534593,0.36704640,1.00000000,0.80000000,1.44700262,1.76924803,PASS,PASS,PASS,13.25990000,messages/run_0271_message.txt,encoded/run_0271_encoded.txt
272,technical_unique_04.txt,technical,342,2768,1111425900,2020 JUN 17 13:39:06 UTC,MARS BARYCENTER,VENUS BARYCENTER,134822911.58619997,47467888.77822410,1244396472,11936128519522639389,73123,10968,5199,53.24100789,1375,1.88039331,26.44739373,1287,204,805,366,0,883,2716,1600,0,1484,2115,1234,366,0.24534593,0.41233676,1.00000000,0.77125000,1.44700262,1.80614157,PASS,PASS,PASS,12.40020000,messages/run_0272_message.txt,encoded/run_0272_encoded.txt
273,technical_unique_04.txt,technical,367,2968,2609315591,2035 SEP 22 21:06:59 UTC,NEPTUNE BARYCENTER,URANUS BARYCENTER,4325817993.74968147,2854129121.85042524,2637629351,11936128516452688386,73123,10968,5199,57.08790152,1483,2.02808966,28.52471629,1385,236,828,419,0,883,2716,1600,0,1475,2124,1181,419,0.24534593,0.40983607,1.00000000,0.73812500,1.44700262,1.82178135,PASS,PASS,PASS,13.27420000,messages/run_0273_message.txt,encoded/run_0273_encoded.txt
274,technical_unique_04.txt,technical,442,3568,3134785556,2023 OCT 23 04:02:21 UTC,VENUS BARYCENTER,MARS BARYCENTER,102954277.50916721,381345505.34669650,3080363818,11936128515809688207,73123,10968,5199,68.62858242,1830,2.50263255,35.19907675,1678,288,1029,513,0,883,2716,1600,0,1624,1975,1087,513,0.24534593,0.45123645,1.00000000,0.67937500,1.44700262,1.85658573,PASS,PASS,PASS,14.12800000,messages/run_0274_message.txt,encoded/run_0274_encoded.txt
275,technical_unique_04.txt,technical,485,3912,2483566676,2025 NOV 10 04:29:20 UTC,URANUS BARYCENTER,MARS BARYCENTER,2771910565.42313814,361573793.11065799,2337370892,11936128516291352233,73123,10968,5199,75.24523947,1992,2.72417707,38.31506059,1804,298,1091,603,0,883,2716,1600,0,1676,1923,997,603,0.24534593,0.46568491,1.00000000,0.62312500,1.44700262,1.87460594,PASS,PASS,PASS,12.56190000,messages/run_0275_message.txt,encoded/run_0275_encoded.txt
276,narrative_04.txt,narrative,263,2136,2384615580,2023 MAY 18 19:19:56 UTC,MARS BARYCENTER,MERCURY BARYCENTER,283272525.22228575,98849998.89877197,2890458811,11936128515670098718,67013,11208,5928,36.03238866,1072,1.59968961,18.08367072,1035,185,648,222,17,1128,3310,1432,58,1591,2847,1227,263,0.25416854,0.35849482,0.96107383,0.82348993,1.48532732,1.68721264,PASS,PASS,PASS,11.90640000,messages/run_0276_message.txt,encoded/run_0276_encoded.txt
277,narrative_04.txt,narrative,318,2576,3174004711,2031 SEP 21 01:43:30 UTC,JUPITER BARYCENTER,NEPTUNE BARYCENTER,788417033.11117876,4321337464.57554817,2508768349,11936128516311835128,67013,11208,5928,43.45479082,1269,1.89366242,21.40688259,1216,222,761,277,9,1128,3310,1432,58,1667,2771,1164,326,0.25416854,0.37561965,0.96107383,0.78120805,1.48532732,1.71880029,PASS,PASS,PASS,11.99610000,messages/run_0277_message.txt,encoded/run_0277_encoded.txt
278,narrative_04.txt,narrative,392,3168,3519773581,2032 JUL 15 18:26:01 UTC,JUPITER BARYCENTER,MERCURY BARYCENTER,616972605.15614331,88627550.31350194,3391179577,11936128517374537372,67013,11208,5928,53.44129555,1595,2.38013520,26.90620783,1522,255,969,357,14,1128,3310,1432,58,1842,2596,1089,401,0.25416854,0.41505183,0.96107383,0.73087248,1.48532732,1.75758299,PASS,PASS,PASS,11.76500000,messages/run_0278_message.txt,encoded/run_0278_encoded.txt
279,narrative_04.txt,narrative,411,3320,1118271397,2022 APR 03 09:36:16 UTC,SATURN BARYCENTER,MARS BARYCENTER,1569787407.03988338,267931072.90851897,1820287457,11936128518890112068,67013,11208,5928,56.00539811,1693,2.52637548,28.55937922,1590,282,1019,375,17,1128,3310,1432,58,1865,2573,1074,416,0.25416854,0.42023434,0.96107383,0.72080537,1.48532732,1.76299832,PASS,PASS,PASS,11.84970000,messages/run_0279_message.txt,encoded/run_0279_encoded.txt
280,narrative_04.txt,narrative,459,3704,3490598271,2026 OCT 06 19:56:31 UTC,VENUS BARYCENTER,URANUS BARYCENTER,47567415.14468418,2813411886.28641081,3730775845,11936128517583583872,67013,11208,5928,62.48313090,1910,2.85019325,32.21997301,1803,314,1155,419,22,1128,3310,1432,58,1969,2469,1035,455,0.25416854,0.44366832,0.96107383,0.69463087,1.48532732,1.77832816,PASS,PASS,PASS,14.78780000,messages/run_0280_message.txt,encoded/run_0280_encoded.txt
281,cover_general.txt,general,283,2296,1159467588,2034 OCT 09 02:42:45 UTC,NEPTUNE BARYCENTER,SATURN BARYCENTER,4315056634.33535480,1394562611.18982387,1268909663,11936128519497032698,65378,9534,4247,54.06169061,1131,1.72993974,26.63056275,1088,204,472,455,0,775,1560,1912,0,1043,1292,1457,455,0.33190578,0.44668094,1.00000000,0.76202929,1.49692269,1.89451422,PASS,PASS,PASS,10.84440000,messages/run_0281_message.txt,encoded/run_0281_encoded.txt
282,cover_general.txt,general,326,2640,2829839347,2035 MAY 25 13:34:17 UTC,MERCURY BARYCENTER,SATURN BARYCENTER,82233153.86025710,1437498032.51549101,2765299583,11936128515528112858,65378,9534,4247,62.16152578,1298,1.98537734,30.56275018,1237,236,525,537,0,775,1560,1912,0,1064,1271,1375,537,0.33190578,0.45567452,1.00000000,0.71914226,1.49692269,1.92516025,PASS,PASS,PASS,10.58780000,messages/run_0282_message.txt,encoded/run_0282_encoded.txt
283,cover_general.txt,general,368,2976,1480953444,2026 OCT 17 18:32:32 UTC,MERCURY BARYCENTER,URANUS BARYCENTER,135569887.68802905,2793311603.34134960,1927016155,11936128519118932862,65378,9534,4247,70.07299270,1488,2.27599498,35.03649635,1425,228,605,655,0,775,1560,1912,0,1152,1183,1257,655,0.33190578,0.49336188,1.00000000,0.65742678,1.49692269,1.96001474,PASS,PASS,PASS,11.35040000,messages/run_0283_message.txt,encoded/run_0283_encoded.txt
284,cover_general.txt,general,422,3408,1086413032,2032 JUL 08 16:10:42 UTC,MERCURY BARYCENTER,VENUS BARYCENTER,97438781.20331179,253956860.81907043,1616083640,11936128518824845085,65378,9534,4247,80.24487874,1674,2.56049436,39.41605839,1587,297,672,705,0,775,1560,1912,0,1150,1185,1207,705,0.33190578,0.49250535,1.00000000,0.63127615,1.49692269,1.97009233,PASS,PASS,PASS,10.91460000,messages/run_0284_message.txt,encoded/run_0284_encoded.txt
285,cover_general.txt,general,495,3992,929871112,2023 MAY 06 01:51:03 UTC,MERCURY BARYCENTER,NEPTUNE BARYCENTER,83871284.07463367,4573085497.35132599,1001445906,11936128518155763639,65378,9534,4247,93.99576171,1962,3.00100951,46.19731575,1832,326,795,841,0,775,1560,1912,0,1244,1091,1071,841,0.33190578,0.53276231,1.00000000,0.56014644,1.49692269,1.98641761,PASS,PASS,PASS,10.97290000,messages/run_0285_message.txt,encoded/run_0285_encoded.txt
286,general_04.txt,general,281,2280,2328537021,2028 OCT 15 20:44:08 UTC,URANUS BARYCENTER,SATURN BARYCENTER,2791359430.09854412,1235911420.90476847,2339785248,11936128516289195909,67647,9960,4419,51.59538357,1088,1.60834922,24.62095497,1044,203,429,456,0,838,1613,1968,0,1064,1387,1512,456,0.34190126,0.43410853,1.00000000,0.76829268,1.50531879,1.88685406,PASS,PASS,PASS,11.33100000,messages/run_0286_message.txt,encoded/run_0286_encoded.txt
287,general_04.txt,general,344,2784,3713933029,2029 DEC 13 14:51:37 UTC,VENUS BARYCENTER,NEPTUNE BARYCENTER,50324969.64018030,4422483587.35642815,4210597396,11936128517103500209,67647,9960,4419,63.00067889,1372,2.02817568,31.04774836,1315,237,556,579,0,838,1613,1968,0,1157,1294,1389,579,0.34190126,0.47205222,1.00000000,0.70579268,1.50531879,1.93404233,PASS,PASS,PASS,11.18620000,messages/run_0287_message.txt,encoded/run_0287_encoded.txt
288,general_04.txt,general,366,2960,1480958523,2034 FEB 03 11:56:03 UTC,NEPTUNE BARYCENTER,VENUS BARYCENTER,4529248023.70604134,253438097.09604654,1852963872,11936128518923245957,67647,9960,4419,66.98348043,1424,2.10504531,32.22448518,1359,264,577,583,0,838,1613,1968,0,1151,1300,1385,583,0.34190126,0.46960424,1.00000000,0.70376016,1.50531879,1.93494982,PASS,PASS,PASS,11.35680000,messages/run_0288_message.txt,encoded/run_0288_encoded.txt
289,general_04.txt,general,432,3488,143828868,2033 JAN 15 17:24:29 UTC,NEPTUNE BARYCENTER,JUPITER BARYCENTER,4489704494.13737965,901188604.95003080,119542998,11936128518230225267,67647,9960,4419,78.93188504,1682,2.48643694,38.06291016,1581,282,674,726,0,838,1613,1968,0,1230,1221,1242,726,0.34190126,0.50183599,1.00000000,0.63109756,1.50531879,1.96901454,PASS,PASS,PASS,12.12480000,messages/run_0289_message.txt,encoded/run_0289_encoded.txt
290,general_04.txt,general,476,3840,2321173400,2026 FEB 04 00:18:22 UTC,SATURN BARYCENTER,JUPITER BARYCENTER,1525141188.92770433,648414900.87138402,2203704340,11936128516157634993,67647,9960,4419,86.89748812,1905,2.81608941,43.10930075,1785,323,775,807,0,838,1613,1968,0,1290,1161,1161,807,0.34190126,0.52631579,1.00000000,0.58993902,1.50531879,1.97980501,PASS,PASS,PASS,12.63380000,messages/run_0290_message.txt,encoded/run_0290_encoded.txt
291,instructions_04.txt,instructions,258,2096,559990353,2021 SEP 08 11:18:41 UTC,MARS BARYCENTER,URANUS BARYCENTER,393977613.17088181,2871532080.16809225,718423895,11936128517910553330,67615,11161,4487,46.71272565,1026,1.51741477,22.86605750,963,162,504,319,41,857,1966,1457,207,1199,1624,1179,485,0.30357775,0.42472547,0.87560096,0.70853365,1.70946457,1.89301147,PASS,PASS,PASS,11.75640000,messages/run_0291_message.txt,encoded/run_0291_encoded.txt
292,instructions_04.txt,instructions,301,2440,1600613396,2025 JUL 15 14:48:02 UTC,URANUS BARYCENTER,VENUS BARYCENTER,3009052006.54906225,156602997.70822790,2070431464,11936128519241589581,67615,11161,4487,54.37931803,1239,1.83243363,27.61310452,1161,212,599,374,54,857,1966,1457,207,1244,1579,1137,527,0.30357775,0.44066596,0.87560096,0.68329327,1.70946457,1.90811424,PASS,PASS,PASS,11.85010000,messages/run_0292_message.txt,encoded/run_0292_encoded.txt
293,instructions_04.txt,instructions,372,3008,3062671104,2032 APR 01 23:02:52 UTC,MARS BARYCENTER,SATURN BARYCENTER,343819041.90208805,1405443230.84616232,2557564195,11936128516540919942,67615,11161,4487,67.03811010,1496,2.21252681,33.34076220,1394,259,727,442,68,857,1966,1457,207,1325,1498,1083,581,0.30357775,0.46935884,0.87560096,0.65084135,1.70946457,1.92488609,PASS,PASS,PASS,12.21880000,messages/run_0293_message.txt,encoded/run_0293_encoded.txt
294,instructions_04.txt,instructions,441,3560,3605769080,2023 JUN 10 13:44:53 UTC,MARS BARYCENTER,JUPITER BARYCENTER,309950803.13471472,843131799.07777274,4082874456,11936128516963048957,67615,11161,4487,79.34031647,1777,2.62811506,39.60329842,1616,310,844,530,93,857,1966,1457,207,1391,1432,1020,644,0.30357775,0.49273822,0.87560096,0.61298077,1.70946457,1.93744869,PASS,PASS,PASS,12.44750000,messages/run_0294_message.txt,encoded/run_0294_encoded.txt
295,instructions_04.txt,instructions,486,3920,2122178924,2031 JAN 19 01:00:56 UTC,VENUS BARYCENTER,SATURN BARYCENTER,230383624.30653596,1268804889.55608416,1147805628,11936128519292041753,67615,11161,4487,87.36349454,1959,2.89728611,43.65946066,1764,347,938,579,95,857,1966,1457,207,1448,1375,973,691,0.30357775,0.51292951,0.87560096,0.58473558,1.70946457,1.94329808,PASS,PASS,PASS,11.63720000,messages/run_0295_message.txt,encoded/run_0295_encoded.txt
296,business_04.txt,business,283,2296,873901718,2024 APR 12 13:18:18 UTC,MERCURY BARYCENTER,URANUS BARYCENTER,86950914.82005949,3062918481.47127008,585534728,11936128517772880045,66419,9319,7609,30.17479301,1153,1.73594905,15.15310816,1084,94,712,326,21,762,4236,2419,192,1380,3618,2114,497,0.15246098,0.27611044,0.92646496,0.80965147,1.46244184,1.72714421,PASS,PASS,PASS,12.43490000,messages/run_0296_message.txt,encoded/run_0296_encoded.txt
297,business_04.txt,business,325,2632,9195951,2021 FEB 12 04:30:32 UTC,JUPITER BARYCENTER,URANUS BARYCENTER,904658512.72983360,2995837743.53762102,365784718,11936128518463212331,66419,9319,7609,34.59061638,1304,1.96329364,17.13760021,1243,123,793,365,23,762,4236,2419,192,1432,3566,2077,534,0.15246098,0.28651461,0.92646496,0.79548066,1.46244184,1.74623221,PASS,PASS,PASS,12.55160000,messages/run_0297_message.txt,encoded/run_0297_encoded.txt
298,business_04.txt,business,359,2904,1062970261,2028 MAR 16 18:35:11 UTC,MERCURY BARYCENTER,NEPTUNE BARYCENTER,179042336.96468294,4614747337.75285339,607634977,11936128517677409156,66419,9319,7609,38.16533053,1460,2.19816619,19.18780392,1367,133,861,429,37,762,4236,2419,192,1490,3508,2027,584,0.15246098,0.29811925,0.92646496,0.77633091,1.46244184,1.76828707,PASS,PASS,PASS,12.56150000,messages/run_0298_message.txt,encoded/run_0298_encoded.txt
299,business_04.txt,business,398,3216,1781482332,2029 OCT 16 13:33:56 UTC,NEPTUNE BARYCENTER,VENUS BARYCENTER,4321832616.66620350,112323032.80329782,2031763591,11936128519207118114,66419,9319,7609,42.26573794,1659,2.49777925,21.80312787,1551,153,997,472,37,762,4236,2419,192,1606,3392,1984,627,0.15246098,0.32132853,0.92646496,0.75986212,1.46244184,1.79568293,PASS,PASS,PASS,12.57420000,messages/run_0299_message.txt,encoded/run_0299_encoded.txt
300,business_04.txt,business,479,3864,3953030708,2020 FEB 26 22:59:16 UTC,MARS BARYCENTER,URANUS BARYCENTER,259919110.62400603,3044573885.58291054,3465339437,11936128517301421960,66419,9319,7609,50.78196872,1898,2.85761604,24.94414509,1735,170,1137,531,60,762,4236,2419,192,1729,3269,1948,663,0.15246098,0.34593838,0.92646496,0.74607430,1.46244184,1.81942858,PASS,PASS,PASS,13.21330000,messages/run_0300_message.txt,encoded/run_0300_encoded.txt
301,casual_unique_01.txt,casual,292,2368,1687305929,2022 MAY 15 16:47:22 UTC,JUPITER BARYCENTER,VENUS BARYCENTER,822230593.28298020,165524194.08788174,1205626714,11936128519303185151,64799,11166,4934,47.99351439,1162,1.79323755,23.55087150,1128,184,654,324,0,929,2487,1518,0,1399,2017,1194,324,0.27195550,0.40954333,1.00000000,0.78656126,1.47496688,1.79648986,PASS,PASS,PASS,11.08620000,messages/run_0301_message.txt,encoded/run_0301_encoded.txt
302,casual_unique_01.txt,casual,330,2672,2326569421,2030 MAR 15 06:40:14 UTC,MARS BARYCENTER,SATURN BARYCENTER,349971145.56403822,1440231113.89936328,2809887930,11936128515551713567,64799,11166,4934,54.15484394,1310,2.02163614,26.55046615,1261,221,725,364,0,929,2487,1518,0,1433,1983,1154,364,0.27195550,0.41949649,1.00000000,0.76021080,1.47496688,1.81428607,PASS,PASS,PASS,11.09130000,messages/run_0302_message.txt,encoded/run_0302_encoded.txt
303,casual_unique_01.txt,casual,390,3152,3886406844,2021 OCT 01 19:28:27 UTC,URANUS BARYCENTER,JUPITER BARYCENTER,2828796860.46865225,638367703.00262761,3596780790,11936128517445984595,64799,11166,4934,63.88325902,1584,2.44448217,32.10376976,1511,279,855,450,0,929,2487,1518,0,1505,1911,1068,450,0.27195550,0.44057377,1.00000000,0.70355731,1.47496688,1.84551031,PASS,PASS,PASS,10.95040000,messages/run_0303_message.txt,encoded/run_0303_encoded.txt
304,casual_unique_01.txt,casual,413,3336,1879841440,2035 DEC 08 07:47:42 UTC,VENUS BARYCENTER,URANUS BARYCENTER,206123876.07517326,2686121427.26883125,2127982477,11936128519185353256,64799,11166,4934,67.61248480,1677,2.58800290,33.98865018,1597,292,919,466,0,929,2487,1518,0,1556,1860,1052,466,0.27195550,0.45550351,1.00000000,0.69301713,1.47496688,1.85254732,PASS,PASS,PASS,11.90090000,messages/run_0304_message.txt,encoded/run_0304_encoded.txt
305,casual_unique_01.txt,casual,462,3728,924353257,2026 OCT 03 18:04:34 UTC,JUPITER BARYCENTER,SATURN BARYCENTER,880874420.91674840,1261760482.25730371,267658934,11936128518361023251,64799,11166,4934,75.55735711,1886,2.91053874,38.22456425,1792,318,1035,533,0,929,2487,1518,0,1646,1770,985,533,0.27195550,0.48185012,1.00000000,0.64888011,1.47496688,1.86981874,PASS,PASS,PASS,11.21470000,messages/run_0305_message.txt,encoded/run_0305_encoded.txt
306,reports_unique_01.txt,reports,298,2416,3320725189,2026 APR 21 01:19:27 UTC,SATURN BARYCENTER,VENUS BARYCENTER,1555956735.68314147,222395335.85890189,4011197128,11936128516756842349,68554,9788,6061,39.86140901,1169,1.70522508,19.28724633,1101,56,614,490,9,261,2855,2887,58,819,2297,2406,539,0.08376123,0.26283697,0.98030560,0.81697793,1.28082147,1.76028261,PASS,PASS,PASS,11.98560000,messages/run_0306_message.txt,encoded/run_0306_encoded.txt
307,reports_unique_01.txt,reports,312,2528,848114935,2025 MAY 27 13:43:52 UTC,MERCURY BARYCENTER,MARS BARYCENTER,197315827.01886672,248031766.10269633,175673093,11936128518454061728,68554,9788,6061,41.70928890,1221,1.78107769,20.14519056,1141,57,634,519,11,261,2855,2887,58,838,2278,2379,566,0.08376123,0.26893453,0.98030560,0.80780985,1.28082147,1.77429576,PASS,PASS,PASS,12.10550000,messages/run_0307_message.txt,encoded/run_0307_encoded.txt
308,reports_unique_01.txt,reports,351,2840,2822055084,2029 APR 08 14:59:03 UTC,MERCURY BARYCENTER,SATURN BARYCENTER,175929154.16898423,1510901156.59257984,2719422680,11936128515632708989,68554,9788,6061,46.85695430,1351,1.97070922,22.29005115,1275,49,690,600,12,261,2855,2887,58,902,2214,2299,646,0.08376123,0.28947368,0.98030560,0.78064516,1.28082147,1.81447816,PASS,PASS,PASS,12.14970000,messages/run_0308_message.txt,encoded/run_0308_encoded.txt
309,reports_unique_01.txt,reports,410,3312,1397057029,2031 OCT 27 00:30:51 UTC,NEPTUNE BARYCENTER,JUPITER BARYCENTER,4325097121.13604927,863677624.59396744,1914991915,11936128519119163534,68554,9788,6061,54.64444811,1663,2.42582490,27.43771655,1529,61,841,741,20,261,2855,2887,58,1041,2075,2166,779,0.08376123,0.33408216,0.98030560,0.73548387,1.28082147,1.87689664,PASS,PASS,PASS,13.51730000,messages/run_0309_message.txt,encoded/run_0309_encoded.txt
310,reports_unique_01.txt,reports,450,3632,3098846706,2029 DEC 12 21:00:46 UTC,URANUS BARYCENTER,SATURN BARYCENTER,2729030450.95963955,1238148609.36825562,2465475106,11936128516431646599,68554,9788,6061,59.92410493,1763,2.57169531,29.08760931,1625,79,911,761,12,261,2855,2887,58,1093,2023,2138,807,0.08376123,0.35077022,0.98030560,0.72597623,1.28082147,1.89162786,PASS,PASS,PASS,13.67840000,messages/run_0310_message.txt,encoded/run_0310_encoded.txt
311,news_04.txt,news,287,2328,924513677,2025 NOV 28 05:00:53 UTC,MERCURY BARYCENTER,JUPITER BARYCENTER,116534628.62805294,672117205.50950694,669051073,11936128517689134436,67505,9699,6335,36.74822415,1190,1.76283238,18.78453039,1113,175,656,348,11,1000,3231,2059,45,1481,2750,1722,382,0.23635074,0.35003545,0.97861217,0.81844106,1.49352217,1.76794251,PASS,PASS,PASS,12.39070000,messages/run_0311_message.txt,encoded/run_0311_encoded.txt
312,news_04.txt,news,322,2608,230355617,2029 JAN 01 16:23:36 UTC,MARS BARYCENTER,JUPITER BARYCENTER,183807428.63730827,837548434.10290444,128104822,11936128518221929683,67505,9699,6335,41.16811365,1322,1.95837345,20.86819258,1217,198,729,384,11,1000,3231,2059,45,1531,2700,1686,418,0.23635074,0.36185299,0.97861217,0.80133080,1.49352217,1.78657965,PASS,PASS,PASS,14.80380000,messages/run_0312_message.txt,encoded/run_0312_encoded.txt
313,news_04.txt,news,352,2848,3053471380,2031 JAN 11 10:54:03 UTC,URANUS BARYCENTER,VENUS BARYCENTER,2738079752.67825747,234362670.15744933,3019757235,11936128515878449942,67505,9699,6335,44.95659037,1431,2.11984297,22.58879242,1333,210,781,429,11,1000,3231,2059,45,1571,2660,1641,463,0.23635074,0.37130702,0.97861217,0.77994297,1.49352217,1.80518329,PASS,PASS,PASS,14.38740000,messages/run_0313_message.txt,encoded/run_0313_encoded.txt
314,news_04.txt,news,433,3496,2704984504,2027 JAN 22 13:41:56 UTC,URANUS BARYCENTER,MARS BARYCENTER,2829951284.50914812,114309679.58583394,3104551010,11936128515984725447,67505,9699,6335,55.18547751,1699,2.51685060,26.81925809,1538,257,960,470,12,1000,3231,2059,45,1703,2528,1601,503,0.23635074,0.40250532,0.97861217,0.76093156,1.49352217,1.83005812,PASS,PASS,PASS,13.76210000,messages/run_0314_message.txt,encoded/run_0314_encoded.txt
315,news_04.txt,news,466,3760,3203561072,2028 MAR 02 20:32:17 UTC,VENUS BARYCENTER,JUPITER BARYCENTER,128193923.77695279,666686968.29558790,2432354052,11936128516398998177,67505,9699,6335,59.35280189,1888,2.79682986,29.80268350,1690,290,1037,547,14,1000,3231,2059,45,1747,2484,1526,578,0.23635074,0.41290475,0.97861217,0.72528517,1.49352217,1.85195476,PASS,PASS,PASS,13.37740000,messages/run_0315_message.txt,encoded/run_0315_encoded.txt
316,technical_01.txt,technical,286,2320,93413976,2031 OCT 20 00:53:16 UTC,NEPTUNE BARYCENTER,SATURN BARYCENTER,4319834022.44227123,1262910516.55348444,501639958,11936128518595006131,67686,10260,6077,38.17673194,1162,1.71675088,19.12127695,1100,199,636,327,0,1179,2969,1929,0,1616,2532,1602,327,0.28423337,0.38958534,1.00000000,0.83048212,1.48936253,1.76834684,PASS,PASS,PASS,12.15440000,messages/run_0316_message.txt,encoded/run_0316_encoded.txt
317,technical_01.txt,technical,312,2528,1967728475,2021 MAR 27 06:12:42 UTC,URANUS BARYCENTER,MERCURY BARYCENTER,3081763008.40595484,181363825.71129549,1869290588,11936128518906100217,67686,10260,6077,41.59947342,1254,1.85267264,20.63518183,1177,223,674,357,0,1179,2969,1929,0,1630,2518,1572,357,0.28423337,0.39296046,1.00000000,0.81493002,1.48936253,1.78074884,PASS,PASS,PASS,11.90350000,messages/run_0317_message.txt,encoded/run_0317_encoded.txt
318,technical_01.txt,technical,348,2816,3057298659,2029 DEC 10 13:28:48 UTC,NEPTUNE BARYCENTER,MARS BARYCENTER,4414922526.11311531,299175646.60155922,2180797609,11936128516113428748,67686,10260,6077,46.33865394,1470,2.17179328,24.18956722,1364,273,773,424,0,1179,2969,1929,0,1679,2469,1505,424,0.28423337,0.40477338,1.00000000,0.78019699,1.48936253,1.80734822,PASS,PASS,PASS,12.48090000,messages/run_0318_message.txt,encoded/run_0318_encoded.txt
319,technical_01.txt,technical,417,3368,677076026,2020 OCT 04 12:22:10 UTC,VENUS BARYCENTER,MARS BARYCENTER,164096922.58279672,62120251.21823182,206805240,11936128518355041629,67686,10260,6077,55.42208326,1693,2.50125580,27.85914102,1572,292,910,491,0,1179,2969,1929,0,1797,2351,1438,491,0.28423337,0.43322083,1.00000000,0.74546397,1.48936253,1.83510336,PASS,PASS,PASS,11.96750000,messages/run_0319_message.txt,encoded/run_0319_encoded.txt
320,technical_01.txt,technical,474,3824,89759777,2028 DEC 23 05:06:30 UTC,SATURN BARYCENTER,URANUS BARYCENTER,1292270783.92467856,2747503816.74794436,182693814,11936128518444157459,67686,10260,6077,62.92578575,1900,2.80707975,31.26542702,1746,336,1013,551,0,1179,2969,1929,0,1856,2292,1378,551,0.28423337,0.44744455,1.00000000,0.71435977,1.48936253,1.85263057,PASS,PASS,PASS,12.27790000,messages/run_0320_message.txt,encoded/run_0320_encoded.txt
321,business_unique_04.txt,business,286,2320,1304384708,2028 JUL 26 08:48:06 UTC,VENUS BARYCENTER,NEPTUNE BARYCENTER,87928983.98636584,4401126592.93564320,1742942545,11936128518762960116,73033,10465,6693,34.66308083,1159,1.58695384,17.31659943,1092,114,702,315,28,752,3780,2042,119,1340,3192,1755,406,0.16593116,0.29567520,0.94493290,0.81212402,1.44576657,1.72564715,PASS,PASS,PASS,12.86110000,messages/run_0321_message.txt,encoded/run_0321_encoded.txt
322,business_unique_04.txt,business,300,2432,2036886944,2026 FEB 01 16:25:27 UTC,NEPTUNE BARYCENTER,MERCURY BARYCENTER,4569136521.15803146,198776352.39614147,2026919642,11936128519219049343,73033,10465,6693,36.33647094,1254,1.71703203,18.73599283,1188,111,763,352,28,752,3780,2042,119,1404,3128,1718,443,0.16593116,0.30979700,0.94493290,0.79500231,1.44576657,1.74839520,PASS,PASS,PASS,12.74320000,messages/run_0322_message.txt,encoded/run_0322_encoded.txt
323,business_unique_04.txt,business,385,3112,3898780620,2024 SEP 07 04:04:24 UTC,MERCURY BARYCENTER,VENUS BARYCENTER,147538595.42228097,222663516.75645491,3853377671,11936128516577838370,73033,10465,6693,46.49633946,1577,2.15929785,23.56193038,1481,166,933,437,41,752,3780,2042,119,1519,3013,1646,515,0.16593116,0.33517211,0.94493290,0.76168441,1.44576657,1.78630954,PASS,PASS,PASS,12.85610000,messages/run_0323_message.txt,encoded/run_0323_encoded.txt
324,business_unique_04.txt,business,413,3336,2432852036,2032 JUN 21 06:26:51 UTC,SATURN BARYCENTER,MERCURY BARYCENTER,1500711895.69411039,135875365.61958092,3066655876,11936128515829453089,73033,10465,6693,49.84311968,1709,2.34003806,25.53414015,1593,177,1043,470,19,752,3780,2042,119,1618,2914,1591,570,0.16593116,0.35701677,0.94493290,0.73623323,1.44576657,1.81285278,PASS,PASS,PASS,12.67590000,messages/run_0324_message.txt,encoded/run_0324_encoded.txt
325,business_unique_04.txt,business,462,3728,1094683831,2031 JUL 10 16:02:41 UTC,JUPITER BARYCENTER,NEPTUNE BARYCENTER,650238376.18036735,4455904442.27576065,1624040504,11936128518815564189,73033,10465,6693,55.69998506,1864,2.55227089,27.84999253,1711,186,1125,511,42,752,3780,2042,119,1691,2841,1573,588,0.16593116,0.37312445,0.94493290,0.72790375,1.44576657,1.82546198,PASS,PASS,PASS,13.05650000,messages/run_0325_message.txt,encoded/run_0325_encoded.txt
326,general_info_unique_05.txt,general,279,2264,3883488916,2026 MAY 27 04:18:48 UTC,MARS BARYCENTER,VENUS BARYCENTER,328317568.32847464,192574367.82940161,4284179469,11936128517030199720,70280,10094,4944,45.79288026,1078,1.53386454,21.80420712,1046,219,413,426,20,1056,1724,2098,66,1250,1530,1692,472,0.37985612,0.44964029,0.96950092,0.78188540,1.61359887,1.87816230,PASS,PASS,PASS,11.84870000,messages/run_0326_message.txt,encoded/run_0326_encoded.txt
327,general_info_unique_05.txt,general,328,2656,527471630,2030 DEC 25 04:25:52 UTC,NEPTUNE BARYCENTER,URANUS BARYCENTER,4445012155.49021626,2721719469.09079504,193913781,11936128518425626128,70280,10094,4944,53.72168285,1311,1.86539556,26.51699029,1259,279,516,499,17,1056,1724,2098,66,1293,1487,1616,548,0.37985612,0.46510791,0.96950092,0.74676525,1.61359887,1.90641827,PASS,PASS,PASS,13.10770000,messages/run_0327_message.txt,encoded/run_0327_encoded.txt
328,general_info_unique_05.txt,general,361,2920,300797200,2025 APR 17 09:38:01 UTC,JUPITER BARYCENTER,MERCURY BARYCENTER,850994691.03686380,117745818.88551466,864869092,11936128518022856513,70280,10094,4944,59.06148867,1455,2.07029027,29.42961165,1387,279,570,587,19,1056,1724,2098,66,1347,1433,1530,634,0.37985612,0.48453237,0.96950092,0.70702403,1.61359887,1.93259247,PASS,PASS,PASS,12.22460000,messages/run_0328_message.txt,encoded/run_0328_encoded.txt
329,general_info_unique_05.txt,general,405,3272,3159474201,2020 NOV 14 11:35:43 UTC,URANUS BARYCENTER,NEPTUNE BARYCENTER,2815258527.93104172,4411064482.62344742,2447171002,11936128516383930399,70280,10094,4944,66.18122977,1566,2.22822994,31.67475728,1469,304,607,635,20,1056,1724,2098,66,1359,1421,1483,681,0.37985612,0.48884892,0.96950092,0.68530499,1.61359887,1.94415236,PASS,PASS,PASS,12.15850000,messages/run_0329_message.txt,encoded/run_0329_encoded.txt
330,general_info_unique_05.txt,general,468,3776,1786804106,2022 JUN 09 10:02:27 UTC,SATURN BARYCENTER,NEPTUNE BARYCENTER,1412022734.64157248,4490879419.16716671,2039221170,11936128519197273623,70280,10094,4944,76.37540453,1836,2.61240751,37.13592233,1728,354,726,730,26,1056,1724,2098,66,1428,1352,1394,770,0.37985612,0.51366906,0.96950092,0.64417745,1.61359887,1.96184001,PASS,PASS,PASS,14.07410000,messages/run_0330_message.txt,encoded/run_0330_encoded.txt
331,academic_01.txt,academic,293,2376,2450159185,2027 JUN 14 21:15:44 UTC,MARS BARYCENTER,MERCURY BARYCENTER,215960826.88775730,86850420.08264041,3020005646,11936128515799516331,65565,8558,4783,49.67593561,1226,1.86990010,25.63244825,1166,160,643,366,57,677,2403,1509,194,1160,1920,1200,503,0.21980519,0.37662338,0.88608338,0.70463887,1.61079931,1.86646875,PASS,PASS,PASS,11.94380000,messages/run_0331_message.txt,encoded/run_0331_encoded.txt
332,academic_01.txt,academic,325,2632,692573592,2030 MAR 07 17:38:17 UTC,SATURN BARYCENTER,MARS BARYCENTER,1424095921.24139428,346276816.64420658,562333639,11936128517720318562,65565,8558,4783,55.02822496,1336,2.03767254,27.93226009,1253,162,711,397,66,677,2403,1509,194,1226,1854,1178,525,0.21980519,0.39805195,0.88608338,0.69172049,1.61079931,1.88116376,PASS,PASS,PASS,13.62910000,messages/run_0332_message.txt,encoded/run_0332_encoded.txt
333,academic_01.txt,academic,377,3048,594934438,2030 MAY 01 11:18:24 UTC,MARS BARYCENTER,NEPTUNE BARYCENTER,369808213.28763855,4597059329.69748497,570198563,11936128517723991942,65565,8558,4783,63.72569517,1501,2.28933120,31.38197784,1406,186,825,418,72,677,2403,1509,194,1316,1764,1163,540,0.21980519,0.42727273,0.88608338,0.68291251,1.61079931,1.89431219,PASS,PASS,PASS,11.90280000,messages/run_0333_message.txt,encoded/run_0333_encoded.txt
334,academic_01.txt,academic,441,3560,3676706562,2022 MAY 24 15:58:16 UTC,SATURN BARYCENTER,JUPITER BARYCENTER,1449758459.84467936,804815177.58365870,4144661990,11936128516890763331,65565,8558,4783,74.43027389,1823,2.78044688,38.11415430,1689,241,985,525,72,677,2403,1509,194,1421,1659,1056,647,0.21980519,0.46136364,0.88608338,0.62008221,1.61079931,1.92162144,PASS,PASS,PASS,12.69170000,messages/run_0334_message.txt,encoded/run_0334_encoded.txt
335,academic_01.txt,academic,449,3624,604822388,2034 SEP 18 22:22:14 UTC,JUPITER BARYCENTER,MARS BARYCENTER,594766477.17516804,395675099.09666491,1028713954,11936128518069766215,65565,8558,4783,75.76834623,1799,2.74384199,37.61237717,1642,254,982,491,72,677,2403,1509,194,1405,1675,1090,613,0.21980519,0.45616883,0.88608338,0.64004698,1.61079931,1.91536187,PASS,PASS,PASS,11.73570000,messages/run_0335_message.txt,encoded/run_0335_encoded.txt
336,narrative_03.txt,narrative,287,2328,2532671168,2030 AUG 26 19:35:52 UTC,VENUS BARYCENTER,MERCURY BARYCENTER,246964199.70888394,92732798.96164756,2250112302,11936128516102838411,67253,11176,5872,39.64577657,1147,1.70550013,19.53337875,1109,225,678,231,13,1166,3223,1425,58,1619,2770,1207,276,0.26566416,0.36887674,0.96089009,0.81389076,1.49970638,1.70031604,PASS,PASS,PASS,11.87040000,messages/run_0336_message.txt,encoded/run_0336_encoded.txt
337,narrative_03.txt,narrative,312,2528,3204932148,2030 MAY 17 20:39:11 UTC,SATURN BARYCENTER,VENUS BARYCENTER,1512242504.21987987,170263810.96726519,2582967010,11936128516515518279,67253,11176,5872,43.05177112,1283,1.90772159,21.84945504,1236,211,776,283,13,1166,3223,1425,58,1731,2658,1155,328,0.26566416,0.39439508,0.96089009,0.77882670,1.49970638,1.73103654,PASS,PASS,PASS,11.79680000,messages/run_0337_message.txt,encoded/run_0337_encoded.txt
338,narrative_03.txt,narrative,397,3208,29628462,2031 MAR 16 15:08:08 UTC,NEPTUNE BARYCENTER,SATURN BARYCENTER,4607990811.14435673,1403543359.52069378,304486974,11936128518582419355,67253,11176,5872,54.63215259,1546,2.29878221,26.32833787,1460,278,911,341,16,1166,3223,1425,58,1799,2590,1100,383,0.26566416,0.40988836,0.96089009,0.74173972,1.49970638,1.75327152,PASS,PASS,PASS,11.71580000,messages/run_0338_message.txt,encoded/run_0338_encoded.txt
339,narrative_03.txt,narrative,408,3296,611170135,2026 NOV 17 10:00:37 UTC,URANUS BARYCENTER,NEPTUNE BARYCENTER,2760881630.40406799,4379534093.49150372,955710737,11936128518143039668,67253,11176,5872,56.13079019,1688,2.50992521,28.74659401,1596,308,994,366,20,1166,3223,1425,58,1852,2537,1079,404,0.26566416,0.42196400,0.96089009,0.72757923,1.49970638,1.76294777,PASS,PASS,PASS,11.75890000,messages/run_0339_message.txt,encoded/run_0339_encoded.txt
340,narrative_03.txt,narrative,486,3920,1801310523,2021 JUL 17 11:25:04 UTC,MERCURY BARYCENTER,JUPITER BARYCENTER,168908189.28196257,624700244.02319968,1489328725,11936128519754547184,67253,11176,5872,66.75749319,1954,2.90544660,33.27656676,1829,353,1149,436,16,1166,3223,1425,58,1962,2427,1005,478,0.26566416,0.44702666,0.96089009,0.67768038,1.49970638,1.78572216,PASS,PASS,PASS,11.85310000,messages/run_0340_message.txt,encoded/run_0340_encoded.txt
341,cover_story.txt,narrative,260,2112,728187528,2023 DEC 02 02:24:02 UTC,JUPITER BARYCENTER,SATURN BARYCENTER,616459837.24414682,1472362072.66950083,754826400,11936128517807806725,65690,11269,6468,32.65306122,1079,1.64256356,16.68212740,1034,157,661,248,13,1016,3651,1721,80,1520,3147,1486,315,0.21769874,0.32569102,0.95558023,0.82509717,1.47178915,1.69649931,PASS,PASS,PASS,11.96480000,messages/run_0341_message.txt,encoded/run_0341_encoded.txt
342,cover_story.txt,narrative,302,2448,212541287,2025 FEB 19 16:30:54 UTC,URANUS BARYCENTER,VENUS BARYCENTER,2940377618.87283325,59159275.31933735,422563495,11936128518666742530,65690,11269,6468,37.84786642,1242,1.89069874,19.20222635,1195,180,728,316,18,1016,3651,1721,80,1564,3103,1423,378,0.21769874,0.33511892,0.95558023,0.79011660,1.47178915,1.72360860,PASS,PASS,PASS,12.20550000,messages/run_0342_message.txt,encoded/run_0342_encoded.txt
343,cover_story.txt,narrative,352,2848,2916802443,2034 MAY 19 05:37:39 UTC,URANUS BARYCENTER,MERCURY BARYCENTER,2953173658.74023294,127738003.62025960,3015513499,11936128515874271294,65690,11269,6468,44.03215832,1436,2.18602527,22.20160792,1371,221,877,320,18,1016,3651,1721,80,1672,2995,1419,382,0.21769874,0.35826012,0.95558023,0.78789561,1.47178915,1.74005227,PASS,PASS,PASS,12.08060000,messages/run_0343_message.txt,encoded/run_0343_encoded.txt
344,cover_story.txt,narrative,436,3520,1424154972,2024 JUN 04 01:05:49 UTC,URANUS BARYCENTER,SATURN BARYCENTER,3072927847.00659704,1455293629.96877575,1492958740,11936128519754030001,65690,11269,6468,54.42176871,1756,2.67316182,27.14904143,1661,267,1058,404,27,1016,3651,1721,80,1807,2860,1344,457,0.21769874,0.38718663,0.95558023,0.74625208,1.47178915,1.77569068,PASS,PASS,PASS,11.88880000,messages/run_0344_message.txt,encoded/run_0344_encoded.txt
345,cover_story.txt,narrative,464,3744,2112516856,2026 JUL 10 02:35:44 UTC,MARS BARYCENTER,MERCURY BARYCENTER,310880369.06813067,85072551.97539040,1996951956,11936128519037432881,65690,11269,6468,57.88497217,1885,2.86953874,29.14347557,1756,250,1151,460,24,1016,3651,1721,80,1917,2750,1285,516,0.21769874,0.41075637,0.95558023,0.71349250,1.47178915,1.79883391,PASS,PASS,PASS,13.13980000,messages/run_0345_message.txt,encoded/run_0345_encoded.txt
346,news_02.txt,news,281,2280,982279861,2031 JUL 14 11:20:35 UTC,VENUS BARYCENTER,MERCURY BARYCENTER,58095489.09764341,128465611.06630021,734105302,11936128517892483955,69422,9975,6411,35.56387459,1137,1.63780934,17.73514272,1061,177,630,325,5,1011,3268,2083,49,1464,2815,1763,369,0.23627016,0.34213601,0.97701689,0.82692308,1.49648671,1.75718222,PASS,PASS,PASS,13.05350000,messages/run_0346_message.txt,encoded/run_0346_encoded.txt
347,news_02.txt,news,314,2544,3035382296,2027 AUG 01 12:31:10 UTC,MERCURY BARYCENTER,VENUS BARYCENTER,184905403.78084493,258815622.54914296,2612717682,11936128516545793495,69422,9975,6411,39.68179691,1238,1.78329636,19.31055998,1163,179,693,358,8,1011,3268,2083,49,1525,2754,1733,399,0.23627016,0.35639168,0.97701689,0.81285178,1.49648671,1.77595834,PASS,PASS,PASS,13.24830000,messages/run_0347_message.txt,encoded/run_0347_encoded.txt
348,news_02.txt,news,350,2832,2776853516,2033 MAR 16 17:48:38 UTC,VENUS BARYCENTER,JUPITER BARYCENTER,42176789.97249088,878044518.61444175,2627582690,11936128516463533895,69422,9975,6411,44.17407581,1384,1.99360433,21.58789580,1297,198,759,415,12,1011,3268,2083,49,1572,2707,1680,452,0.23627016,0.36737556,0.97701689,0.78799250,1.49648671,1.79853047,PASS,PASS,PASS,12.10420000,messages/run_0348_message.txt,encoded/run_0348_encoded.txt
349,news_02.txt,news,444,3584,1885273308,2028 FEB 26 18:19:37 UTC,VENUS BARYCENTER,SATURN BARYCENTER,133768652.10590111,1485856574.31978488,1183304479,11936128519314239162,69422,9975,6411,55.90391515,1771,2.55106450,27.62439557,1608,267,996,493,15,1011,3268,2083,49,1740,2539,1605,527,0.23627016,0.40663706,0.97701689,0.75281426,1.49648671,1.83637451,PASS,PASS,PASS,13.34640000,messages/run_0349_message.txt,encoded/run_0349_encoded.txt
350,news_02.txt,news,482,3888,2914733769,2022 JUN 18 14:50:05 UTC,MERCURY BARYCENTER,NEPTUNE BARYCENTER,129125812.77441590,4467753335.46075535,2491984770,11936128516328590887,69422,9975,6411,60.64576509,1981,2.85356227,30.90001560,1784,291,1088,590,12,1011,3268,2083,49,1808,2471,1505,627,0.23627016,0.42252863,0.97701689,0.70590994,1.49648671,1.86398907,PASS,PASS,PASS,14.01580000,messages/run_0350_message.txt,encoded/run_0350_encoded.txt
351,reports_unique_05.txt,reports,266,2160,2305973186,2026 JUL 15 01:54:33 UTC,MARS BARYCENTER,VENUS BARYCENTER,308375372.98824024,139804258.77567694,2928176863,11936128515691105146,65597,9350,5840,36.98630137,1105,1.68452826,18.92123288,1045,41,585,465,14,245,2808,2734,53,789,2264,2283,504,0.08024894,0.25843433,0.98098314,0.81916039,1.27405756,1.75488989,PASS,PASS,PASS,11.92150000,messages/run_0351_message.txt,encoded/run_0351_encoded.txt
352,reports_unique_05.txt,reports,341,2760,2877184203,2030 APR 15 02:43:46 UTC,SATURN BARYCENTER,NEPTUNE BARYCENTER,1491371156.89768338,4611680573.12440395,2971523231,11936128515851189562,65597,9350,5840,47.26027397,1335,2.03515405,22.85958904,1266,52,707,561,15,245,2808,2734,53,900,2153,2188,599,0.08024894,0.29479201,0.98098314,0.78507356,1.27405756,1.81414064,PASS,PASS,PASS,11.44460000,messages/run_0352_message.txt,encoded/run_0352_encoded.txt
353,reports_unique_05.txt,reports,353,2856,2512838271,2032 NOV 02 21:59:11 UTC,URANUS BARYCENTER,MARS BARYCENTER,2749482403.74449873,347249927.37203592,2818272591,11936128515543320810,65597,9350,5840,48.90410959,1454,2.21656478,24.89726027,1352,58,756,621,19,245,2808,2734,53,943,2110,2132,655,0.08024894,0.30887651,0.98098314,0.76498027,1.27405756,1.84016509,PASS,PASS,PASS,11.51220000,messages/run_0353_message.txt,encoded/run_0353_encoded.txt
354,reports_unique_05.txt,reports,444,3584,3834541122,2025 OCT 06 21:25:10 UTC,JUPITER BARYCENTER,MARS BARYCENTER,784870674.96037567,354475904.61010581,3400758998,11936128517367321459,65597,9350,5840,61.36986301,1835,2.79738403,31.42123288,1682,60,972,784,19,245,2808,2734,53,1157,1896,1969,818,0.08024894,0.37897150,0.98098314,0.70649444,1.27405756,1.91567791,PASS,PASS,PASS,11.51440000,messages/run_0354_message.txt,encoded/run_0354_encoded.txt
355,reports_unique_05.txt,reports,474,3824,2908785472,2025 APR 07 11:16:48 UTC,VENUS BARYCENTER,NEPTUNE BARYCENTER,47238614.47743854,4614226190.23796272,2302595149,11936128516251940328,65597,9350,5840,65.47945205,1918,2.92391420,32.84246575,1752,73,1006,822,17,245,2808,2734,53,1178,1875,1929,858,0.08024894,0.38584998,0.98098314,0.69214209,1.27405756,1.92650586,PASS,PASS,PASS,11.76570000,messages/run_0355_message.txt,encoded/run_0355_encoded.txt
356,narrative_05.txt,narrative,295,2392,2924300855,2027 FEB 14 19:31:49 UTC,SATURN BARYCENTER,URANUS BARYCENTER,1504362515.16149855,2885949040.43793201,2909916217,11936128515651692956,70140,11672,6155,38.86271324,1201,1.71228971,19.51259139,1153,223,712,254,12,1227,3369,1503,56,1716,2880,1261,298,0.26697128,0.37336815,0.96407954,0.80885183,1.49806146,1.70651494,PASS,PASS,PASS,12.10730000,messages/run_0356_message.txt,encoded/run_0356_encoded.txt
357,narrative_05.txt,narrative,325,2632,541822694,2026 JAN 16 22:09:45 UTC,MERCURY BARYCENTER,SATURN BARYCENTER,213823206.13796350,1489885620.65852976,703756992,11936128517858123621,70140,11672,6155,42.76198213,1341,1.91189050,21.78716491,1282,235,805,284,17,1227,3369,1503,56,1797,2799,1236,323,0.26697128,0.39099217,0.96407954,0.79281591,1.49806146,1.72379055,PASS,PASS,PASS,12.33520000,messages/run_0357_message.txt,encoded/run_0357_encoded.txt
358,narrative_05.txt,narrative,349,2824,2243420123,2026 AUG 04 11:06:23 UTC,VENUS BARYCENTER,URANUS BARYCENTER,115552122.60266446,2965909002.29930210,3007935439,11936128515888174698,70140,11672,6155,45.88139724,1437,2.04875962,23.34687246,1373,250,847,324,16,1227,3369,1503,56,1824,2772,1195,364,0.26697128,0.39686684,0.96407954,0.76651700,1.49806146,1.73866695,PASS,PASS,PASS,12.06190000,messages/run_0358_message.txt,encoded/run_0358_encoded.txt
359,narrative_05.txt,narrative,415,3352,1797961801,2022 NOV 22 07:01:25 UTC,JUPITER BARYCENTER,URANUS BARYCENTER,658130890.50080287,2799612998.89870167,1564014877,11936128519674617016,70140,11672,6155,54.45978879,1624,2.31536926,26.38505280,1546,291,949,363,21,1227,3369,1503,56,1885,2711,1161,398,0.26697128,0.41013925,0.96407954,0.74470815,1.49806146,1.75325428,PASS,PASS,PASS,12.38740000,messages/run_0359_message.txt,encoded/run_0359_encoded.txt
360,narrative_05.txt,narrative,465,3752,214310411,2029 JAN 28 03:06:58 UTC,MERCURY BARYCENTER,MARS BARYCENTER,116593251.12952431,146171036.47406408,742669161,11936128517816819404,70140,11672,6155,60.95857027,1879,2.67892786,30.52802600,1780,346,1106,404,23,1227,3369,1503,56,1987,2609,1122,437,0.26697128,0.43233246,0.96407954,0.71969211,1.49806146,1.77004866,PASS,PASS,PASS,12.23190000,messages/run_0360_message.txt,encoded/run_0360_encoded.txt
361,casual_unique_05.txt,casual,281,2280,1963177118,2023 OCT 26 23:46:20 UTC,MARS BARYCENTER,SATURN BARYCENTER,381146287.45434082,1385424097.40657640,1532472253,11936128519780830744,64429,11107,4906,46.47370567,1164,1.80663987,23.72604974,1122,180,652,332,0,941,2469,1496,0,1413,1997,1164,332,0.27595308,0.41436950,1.00000000,0.77807487,1.47795957,1.80039317,PASS,PASS,PASS,11.05690000,messages/run_0361_message.txt,encoded/run_0361_encoded.txt
362,casual_unique_05.txt,casual,318,2576,434818671,2035 JUL 05 11:51:06 UTC,JUPITER BARYCENTER,NEPTUNE BARYCENTER,809625731.30182779,4490274948.23936462,936800293,11936128517960619392,64429,11107,4906,52.50713412,1281,1.98823511,26.11088463,1241,217,707,357,0,941,2469,1496,0,1431,1979,1139,357,0.27595308,0.41964809,1.00000000,0.76136364,1.47795957,1.81103971,PASS,PASS,PASS,11.05040000,messages/run_0362_message.txt,encoded/run_0362_encoded.txt
363,casual_unique_05.txt,casual,349,2824,2797041264,2024 DEC 20 21:50:15 UTC,NEPTUNE BARYCENTER,VENUS BARYCENTER,4475746354.94402695,124464428.42718959,2477141627,11936128516409756638,64429,11107,4906,57.56216877,1443,2.23967468,29.41296372,1378,256,790,397,0,941,2469,1496,0,1475,1935,1099,397,0.27595308,0.43255132,1.00000000,0.73462567,1.47795957,1.82769500,PASS,PASS,PASS,11.39460000,messages/run_0363_message.txt,encoded/run_0363_encoded.txt
364,casual_unique_05.txt,casual,435,3512,3464460307,2024 FEB 24 19:59:34 UTC,URANUS BARYCENTER,JUPITER BARYCENTER,2970812819.61977243,798427519.18127465,3582879841,11936128517385473476,64429,11107,4906,71.58581329,1724,2.67581369,35.14064411,1654,315,953,456,0,941,2469,1496,0,1579,1831,1040,456,0.27595308,0.46304985,1.00000000,0.69518717,1.47795957,1.85006812,PASS,PASS,PASS,11.33220000,messages/run_0364_message.txt,encoded/run_0364_encoded.txt
365,casual_unique_05.txt,casual,454,3664,197583142,2027 JAN 16 06:39:50 UTC,VENUS BARYCENTER,MARS BARYCENTER,115091785.86171304,120047388.64874358,655227474,11936128517695627255,64429,11107,4906,74.68406033,1816,2.81860653,37.01589890,1710,314,975,527,0,941,2469,1496,0,1602,1808,969,527,0.27595308,0.46979472,1.00000000,0.64772727,1.47795957,1.86591557,PASS,PASS,PASS,13.51970000,messages/run_0365_message.txt,encoded/run_0365_encoded.txt
366,news_03.txt,news,273,2216,2302701372,2022 FEB 18 11:07:27 UTC,SATURN BARYCENTER,JUPITER BARYCENTER,1626615950.60789061,889698298.56734991,2633211736,11936128516465507069,67901,9776,6282,35.27539000,1099,1.61853286,17.49442853,1034,153,593,342,11,998,3159,2090,35,1438,2719,1759,366,0.24007698,0.34592254,0.98352941,0.82776471,1.49031654,1.76301133,PASS,PASS,PASS,13.10080000,messages/run_0366_message.txt,encoded/run_0366_encoded.txt
367,news_03.txt,news,305,2472,3139074934,2024 NOV 18 17:59:15 UTC,JUPITER BARYCENTER,VENUS BARYCENTER,619034812.37376308,158328344.81075272,2650012490,11936128516448739055,67901,9776,6282,39.35052531,1273,1.87478829,20.26424706,1193,197,682,386,8,998,3159,2090,35,1483,2674,1712,413,0.24007698,0.35674765,0.98352941,0.80564706,1.49031654,1.78548267,PASS,PASS,PASS,13.33220000,messages/run_0367_message.txt,encoded/run_0367_encoded.txt
368,news_03.txt,news,389,3144,557153347,2030 AUG 12 06:23:37 UTC,NEPTUNE BARYCENTER,MERCURY BARYCENTER,4374300731.72789383,110123975.44050816,299239004,11936128518531032057,67901,9776,6282,50.04775549,1513,2.22824406,24.08468641,1406,200,842,465,6,998,3159,2090,35,1640,2517,1631,494,0.24007698,0.39451528,0.98352941,0.76752941,1.49031654,1.82810257,PASS,PASS,PASS,12.42500000,messages/run_0368_message.txt,encoded/run_0368_encoded.txt
369,news_03.txt,news,439,3544,1231136792,2026 OCT 17 22:47:04 UTC,NEPTUNE BARYCENTER,MARS BARYCENTER,4331275642.23887444,230826898.04761454,1220433377,11936128519481585732,67901,9776,6282,56.41515441,1775,2.61409994,28.25533270,1607,278,961,523,13,998,3159,2090,35,1681,2476,1580,545,0.24007698,0.40437816,0.98352941,0.74352941,1.49031654,1.84516184,PASS,PASS,PASS,14.01370000,messages/run_0369_message.txt,encoded/run_0369_encoded.txt
370,news_03.txt,news,462,3728,1113905029,2032 AUG 07 09:12:33 UTC,NEPTUNE BARYCENTER,URANUS BARYCENTER,4392563334.21431923,2953686213.94980383,2014999809,11936128519223890084,67901,9776,6282,59.34415791,1849,2.72308213,29.43330150,1671,266,1002,569,12,998,3159,2090,35,1734,2423,1533,592,0.24007698,0.41712774,0.98352941,0.72141176,1.49031654,1.86042842,PASS,PASS,PASS,13.00610000,messages/run_0370_message.txt,encoded/run_0370_encoded.txt
371,reviews_unique_03.txt,reviews,275,2232,599313733,2023 FEB 21 15:58:20 UTC,NEPTUNE BARYCENTER,JUPITER BARYCENTER,4611935880.22009754,852548417.05255258,275838764,11936128518554210953,69454,10609,4323,51.63081194,1073,1.54490742,24.82072635,1025,249,459,309,56,1057,1684,1371,211,1267,1474,1118,464,0.38562568,0.46224006,0.86662453,0.70670038,1.76477164,1.89840470,PASS,PASS,PASS,11.64170000,messages/run_0371_message.txt,encoded/run_0371_encoded.txt
372,reviews_unique_03.txt,reviews,309,2504,3620312584,2023 DEC 25 04:59:46 UTC,SATURN BARYCENTER,MARS BARYCENTER,1526051208.59996009,365595295.58359814,3317362130,11936128517116217463,69454,10609,4323,57.92273884,1263,1.81846978,29.21582235,1177,288,541,370,64,1057,1684,1371,211,1310,1431,1065,517,0.38562568,0.47792776,0.86662453,0.67319848,1.76477164,1.91427887,PASS,PASS,PASS,11.35870000,messages/run_0372_message.txt,encoded/run_0372_encoded.txt
373,reviews_unique_03.txt,reviews,398,3216,1384401437,2029 SEP 20 07:54:16 UTC,MARS BARYCENTER,JUPITER BARYCENTER,247016702.00750336,937545691.93164992,1742389861,11936128518766684096,69454,10609,4323,74.39278279,1601,2.30512282,37.03446681,1465,362,678,479,82,1057,1684,1371,211,1373,1368,974,608,0.38562568,0.50091208,0.86662453,0.61567636,1.76477164,1.93325176,PASS,PASS,PASS,11.51120000,messages/run_0373_message.txt,encoded/run_0373_encoded.txt
374,reviews_unique_03.txt,reviews,429,3464,1048512664,2027 JUL 10 23:58:53 UTC,MARS BARYCENTER,NEPTUNE BARYCENTER,245023096.90673816,4435004690.15269470,159049639,11936128518403867138,69454,10609,4323,80.12953967,1742,2.50813488,40.29609068,1586,421,743,479,99,1057,1684,1371,211,1379,1362,991,591,0.38562568,0.50310106,0.86662453,0.62642225,1.76477164,1.93043292,PASS,PASS,PASS,11.57210000,messages/run_0374_message.txt,encoded/run_0374_encoded.txt
375,reviews_unique_03.txt,reviews,455,3672,2513682421,2021 FEB 25 19:30:36 UTC,SATURN BARYCENTER,MERCURY BARYCENTER,1620083324.16284943,121062171.61487176,3080617210,11936128515809466719,69454,10609,4323,84.94101319,1850,2.66363348,42.79435577,1673,412,776,559,103,1057,1684,1371,211,1421,1320,915,667,0.38562568,0.51842393,0.86662453,0.57838180,1.76477164,1.94037606,PASS,PASS,PASS,11.55440000,messages/run_0375_message.txt,encoded/run_0375_encoded.txt
376,casual_unique_02.txt,casual,260,2112,2779725518,2035 APR 05 20:05:28 UTC,JUPITER BARYCENTER,MERCURY BARYCENTER,889254620.10796964,200156031.36795744,2152189841,11936128516139149876,71834,12364,5500,38.40000000,1050,1.46170337,19.09090909,1023,178,560,312,0,1045,2757,1698,0,1427,2375,1386,312,0.27485534,0.37532877,1.00000000,0.81625442,1.47813715,1.76410727,PASS,PASS,PASS,12.21480000,messages/run_0376_message.txt,encoded/run_0376_encoded.txt
377,casual_unique_02.txt,casual,316,2560,96630553,2034 FEB 16 08:42:45 UTC,MERCURY BARYCENTER,URANUS BARYCENTER,97722423.10219635,2747709238.05687857,406724962,11936128518684640455,71834,12364,5500,46.54545455,1299,1.80833589,23.61818182,1256,230,693,376,0,1045,2757,1698,0,1508,2294,1322,376,0.27485534,0.39663335,1.00000000,0.77856302,1.47813715,1.79699740,PASS,PASS,PASS,12.23800000,messages/run_0377_message.txt,encoded/run_0377_encoded.txt
378,casual_unique_02.txt,casual,372,3008,2669822165,2026 SEP 22 21:00:14 UTC,MARS BARYCENTER,URANUS BARYCENTER,257253097.34539339,2843715714.62815619,2607172537,11936128516556582428,71834,12364,5500,54.69090909,1518,2.11320545,27.60000000,1452,285,809,424,0,1045,2757,1698,0,1569,2233,1274,424,0.27485534,0.41267754,1.00000000,0.75029446,1.47813715,1.81800361,PASS,PASS,PASS,12.44530000,messages/run_0378_message.txt,encoded/run_0378_encoded.txt
379,casual_unique_02.txt,casual,439,3544,296341884,2027 APR 15 02:54:53 UTC,JUPITER BARYCENTER,URANUS BARYCENTER,734167578.15642416,3018950564.80846214,242723154,11936128518386224375,71834,12364,5500,64.43636364,1756,2.44452488,31.92727273,1674,306,946,504,0,1045,2757,1698,0,1685,2117,1194,504,0.27485534,0.44318780,1.00000000,0.70318021,1.47813715,1.84738747,PASS,PASS,PASS,12.23360000,messages/run_0379_message.txt,encoded/run_0379_encoded.txt
380,casual_unique_02.txt,casual,498,4016,521340065,2020 NOV 13 05:20:15 UTC,MERCURY BARYCENTER,URANUS BARYCENTER,158248829.10333356,2814469375.47266340,788360582,11936128517841405987,71834,12364,5500,73.01818182,2050,2.85380182,37.27272727,1939,332,1120,598,0,1045,2757,1698,0,1833,1969,1100,598,0.27485534,0.48211468,1.00000000,0.64782097,1.47813715,1.87130184,PASS,PASS,PASS,12.37690000,messages/run_0380_message.txt,encoded/run_0380_encoded.txt
381,narrative_01.txt,narrative,276,2240,2673903742,2028 DEC 04 20:05:19 UTC,NEPTUNE BARYCENTER,VENUS BARYCENTER,4407792544.89138794,218464947.07894304,2822184166,11936128515731274051,66505,11128,5884,38.06934058,1151,1.73069694,19.56152277,1110,217,677,247,10,1135,3273,1425,51,1595,2813,1188,288,0.25748639,0.36184211,0.96544715,0.80487805,1.48348768,1.69859219,PASS,PASS,PASS,12.11720000,messages/run_0381_message.txt,encoded/run_0381_encoded.txt
382,narrative_01.txt,narrative,325,2632,1279180358,2029 JUL 21 19:48:10 UTC,JUPITER BARYCENTER,MERCURY BARYCENTER,826267727.61863625,191963536.41640875,1194079679,11936128519304220698,66505,11128,5884,44.73147519,1337,2.01037516,22.72263766,1281,247,794,285,11,1135,3273,1425,51,1682,2726,1151,325,0.25748639,0.38157895,0.96544715,0.77981030,1.48348768,1.72194400,PASS,PASS,PASS,12.02750000,messages/run_0382_message.txt,encoded/run_0382_encoded.txt
383,narrative_01.txt,narrative,378,3056,1791558448,2022 NOV 20 20:32:51 UTC,JUPITER BARYCENTER,NEPTUNE BARYCENTER,655158883.97180986,4412395540.16975689,1389207502,11936128519654357611,66505,11128,5884,51.93745751,1489,2.23892940,25.30591434,1421,251,899,327,12,1135,3273,1425,51,1783,2625,1110,366,0.25748639,0.40449183,0.96544715,0.75203252,1.48348768,1.74462994,PASS,PASS,PASS,11.91740000,messages/run_0383_message.txt,encoded/run_0383_encoded.txt
384,narrative_01.txt,narrative,399,3224,727443485,2026 OCT 05 03:06:27 UTC,MARS BARYCENTER,URANUS BARYCENTER,244870542.09026107,2816856905.37861300,46331966,11936128518312123803,66505,11128,5884,54.79265806,1616,2.42989249,27.46430999,1529,281,960,356,19,1135,3273,1425,51,1814,2594,1088,388,0.25748639,0.41152450,0.96544715,0.73712737,1.48348768,1.75323104,PASS,PASS,PASS,12.70360000,messages/run_0384_message.txt,encoded/run_0384_encoded.txt
385,narrative_01.txt,narrative,444,3584,2210298271,2027 FEB 20 14:44:37 UTC,MERCURY BARYCENTER,VENUS BARYCENTER,95400225.71287982,153854443.63385683,2786211398,11936128515565917155,66505,11128,5884,60.91094494,1867,2.80730772,31.73011557,1755,314,1120,413,20,1135,3273,1425,51,1941,2467,1032,444,0.25748639,0.44033575,0.96544715,0.69918699,1.48348768,1.77537952,PASS,PASS,PASS,13.11170000,messages/run_0385_message.txt,encoded/run_0385_encoded.txt
386,news_05.txt,news,274,2224,3121410814,2035 AUG 07 02:45:03 UTC,SATURN BARYCENTER,NEPTUNE BARYCENTER,1513808110.58093739,4409435438.82453060,3170196001,11936128515928293252,68744,9856,6390,34.80438185,1132,1.64668917,17.71517997,1059,176,620,326,10,1025,3263,2056,46,1469,2819,1740,362,0.23903918,0.34258396,0.97811608,0.82778306,1.49625237,1.75410761,PASS,PASS,PASS,12.26460000,messages/run_0386_message.txt,encoded/run_0386_encoded.txt
387,news_05.txt,news,325,2632,3878418806,2032 AUG 07 14:41:59 UTC,SATURN BARYCENTER,URANUS BARYCENTER,1456179557.00575662,2953268229.83381462,4007693106,11936128516766379671,68744,9856,6390,41.18935837,1334,1.94053299,20.87636933,1251,203,738,383,10,1025,3263,2056,46,1560,2728,1683,419,0.23903918,0.36380597,0.97811608,0.80066603,1.49625237,1.78556777,PASS,PASS,PASS,13.78020000,messages/run_0387_message.txt,encoded/run_0387_encoded.txt
388,news_05.txt,news,378,3056,3372806420,2021 OCT 17 22:15:40 UTC,NEPTUNE BARYCENTER,SATURN BARYCENTER,4351674990.96997547,1447741144.00639534,4234414764,11936128517009420041,68744,9856,6390,47.82472613,1554,2.26056092,24.31924883,1438,206,848,486,14,1025,3263,2056,46,1667,2621,1584,518,0.23903918,0.38875933,0.97811608,0.75356803,1.49625237,1.82573312,PASS,PASS,PASS,13.19760000,messages/run_0388_message.txt,encoded/run_0388_encoded.txt
389,news_05.txt,news,397,3208,589369995,2025 JUL 17 03:26:44 UTC,SATURN BARYCENTER,MERCURY BARYCENTER,1365685112.69520879,98291514.00494617,297579234,11936128518525097799,68744,9856,6390,50.20344288,1592,2.31583847,24.91392801,1473,218,873,488,13,1025,3263,2056,46,1680,2608,1581,521,0.23903918,0.39179104,0.97811608,0.75214082,1.49625237,1.82779708,PASS,PASS,PASS,14.50110000,messages/run_0389_message.txt,encoded/run_0389_encoded.txt
390,news_05.txt,news,477,3848,178575633,2020 FEB 04 03:50:29 UTC,VENUS BARYCENTER,URANUS BARYCENTER,159878199.77215225,2991036847.64419222,1053210384,11936128518110515893,68744,9856,6390,60.21909233,1887,2.74496683,29.53051643,1711,250,1065,560,12,1025,3263,2056,46,1840,2448,1508,594,0.23903918,0.42910448,0.97811608,0.71741199,1.49625237,1.85768924,PASS,PASS,PASS,12.79410000,messages/run_0390_message.txt,encoded/run_0390_encoded.txt
391,business_unique_01.txt,business,282,2288,2401340388,2022 OCT 04 22:09:10 UTC,MERCURY BARYCENTER,JUPITER BARYCENTER,127823500.73268430,593071013.64082193,2930539929,11936128515688749116,73723,10531,6664,34.33373349,1158,1.57074454,17.37695078,1101,107,685,335,31,720,3782,2039,123,1298,3204,1735,427,0.15992892,0.28831630,0.94310823,0.80249769,1.43972867,1.72712511,PASS,PASS,PASS,12.64760000,messages/run_0391_message.txt,encoded/run_0391_encoded.txt
392,business_unique_01.txt,business,340,2752,1714765696,2032 DEC 17 16:30:49 UTC,JUPITER BARYCENTER,SATURN BARYCENTER,872758916.48082066,1202710334.02602839,1974123746,11936128518994204999,73723,10531,6664,41.29651861,1368,1.85559459,20.52821128,1289,133,852,356,27,720,3782,2039,123,1439,3063,1710,452,0.15992892,0.31963572,0.94310823,0.79093432,1.43972867,1.75981748,PASS,PASS,PASS,13.03720000,messages/run_0392_message.txt,encoded/run_0392_encoded.txt
393,business_unique_01.txt,business,355,2872,3026263222,2025 OCT 26 05:25:08 UTC,URANUS BARYCENTER,VENUS BARYCENTER,2784628654.41996288,239246069.84964108,2646561610,11936128516444845807,73723,10531,6664,43.09723890,1451,1.96817818,21.77370948,1366,158,886,386,21,720,3782,2039,123,1448,3054,1674,488,0.15992892,0.32163483,0.94310823,0.77428307,1.43972867,1.77126540,PASS,PASS,PASS,13.14920000,messages/run_0393_message.txt,encoded/run_0393_encoded.txt
394,business_unique_01.txt,business,397,3208,1827248343,2022 MAY 06 07:44:28 UTC,JUPITER BARYCENTER,MARS BARYCENTER,838866258.41790485,239164997.50629449,1418760472,11936128519550350525,73723,10531,6664,48.13925570,1579,2.14180107,23.69447779,1469,141,958,446,34,720,3782,2039,123,1537,2965,1627,535,0.15992892,0.34140382,0.94310823,0.75254394,1.43972867,1.79670358,PASS,PASS,PASS,13.26140000,messages/run_0394_message.txt,encoded/run_0394_encoded.txt
395,business_unique_01.txt,business,485,3912,1089731311,2030 SEP 23 03:22:01 UTC,SATURN BARYCENTER,MARS BARYCENTER,1296394830.48721981,350215632.87643147,1783962938,11936128518992214175,73723,10531,6664,58.70348139,2024,2.74541188,30.37214886,1840,212,1230,545,37,720,3782,2039,123,1738,2764,1531,631,0.15992892,0.38605064,0.94310823,0.70814061,1.43972867,1.84178420,PASS,PASS,PASS,12.97250000,messages/run_0395_message.txt,encoded/run_0395_encoded.txt
396,general_info_unique_01.txt,general,294,2384,2919564386,2021 FEB 04 14:04:51 UTC,MARS BARYCENTER,JUPITER BARYCENTER,183577153.27805686,907362294.17632961,2701082087,11936128515593377858,69877,10045,4920,48.45528455,1181,1.69011263,24.00406504,1132,230,457,481,13,1056,1708,2089,67,1283,1481,1621,535,0.38205499,0.46418234,0.96892393,0.75185529,1.61551813,1.90288003,PASS,PASS,PASS,11.60140000,messages/run_0396_message.txt,encoded/run_0396_encoded.txt
397,general_info_unique_01.txt,general,312,2528,2830788203,2026 SEP 22 04:29:31 UTC,NEPTUNE BARYCENTER,MERCURY BARYCENTER,4319936520.61441994,190768710.16652748,2896771667,11936128515655376886,69877,10045,4920,51.38211382,1210,1.73161412,24.59349593,1147,245,468,481,16,1056,1708,2089,67,1279,1485,1624,532,0.38205499,0.46273517,0.96892393,0.75324675,1.61551813,1.90172984,PASS,PASS,PASS,11.48580000,messages/run_0397_message.txt,encoded/run_0397_encoded.txt
398,general_info_unique_01.txt,general,374,3024,1891837788,2030 JAN 02 03:43:03 UTC,MERCURY BARYCENTER,SATURN BARYCENTER,100983517.10925303,1272110155.45778298,1688909725,11936128518742544952,69877,10045,4920,61.46341463,1474,2.10942084,29.95934959,1383,281,585,587,21,1056,1708,2089,67,1360,1404,1523,633,0.38205499,0.49204052,0.96892393,0.70640074,1.61551813,1.93334289,PASS,PASS,PASS,11.75900000,messages/run_0398_message.txt,encoded/run_0398_encoded.txt
399,general_info_unique_01.txt,general,396,3200,1228259793,2032 SEP 21 01:35:11 UTC,SATURN BARYCENTER,VENUS BARYCENTER,1360933523.11925316,210166602.40503943,1910379504,11936128519068431957,69877,10045,4920,65.04065041,1547,2.21389012,31.44308943,1455,305,587,633,22,1056,1708,2089,67,1338,1426,1478,678,0.38205499,0.48408104,0.96892393,0.68552876,1.61551813,1.94396466,PASS,PASS,PASS,11.62910000,messages/run_0399_message.txt,encoded/run_0399_encoded.txt
400,general_info_unique_01.txt,general,475,3832,981479623,2028 OCT 01 04:47:13 UTC,URANUS BARYCENTER,MARS BARYCENTER,2823109476.01849079,301632769.00113881,964111176,11936128518134599405,69877,10045,4920,77.88617886,1834,2.62461182,37.27642276,1700,380,722,708,24,1056,1708,2089,67,1398,1366,1405,751,0.38205499,0.50578871,0.96892393,0.65166976,1.61551813,1.95935205,PASS,PASS,PASS,11.85190000,messages/run_0400_message.txt,encoded/run_0400_encoded.txt
401,cover_technical.txt,technical,262,2128,1189276084,2020 OCT 15 17:18:38 UTC,NEPTUNE BARYCENTER,URANUS BARYCENTER,4352990352.90405273,2816080955.32372522,1324163749,11936128519450953472,65457,9699,6247,34.06435089,1078,1.64688269,17.25628302,1022,228,576,274,0,1302,2957,1988,0,1650,2609,1714,274,0.30570556,0.38741489,1.00000000,0.86217304,1.50796353,1.74317064,PASS,PASS,PASS,11.50770000,messages/run_0401_message.txt,encoded/run_0401_encoded.txt
402,cover_technical.txt,technical,321,2600,1175420248,2023 MAY 26 18:52:33 UTC,NEPTUNE BARYCENTER,MARS BARYCENTER,4529084560.62672520,293036499.94336557,2004200336,11936128519040405045,65457,9699,6247,41.61997759,1291,1.97228715,20.66591964,1219,248,677,366,0,1302,2957,1988,0,1731,2528,1622,366,0.30570556,0.40643344,1.00000000,0.81589537,1.50796353,1.78614691,PASS,PASS,PASS,11.82380000,messages/run_0402_message.txt,encoded/run_0402_encoded.txt
403,cover_technical.txt,technical,389,3144,567805329,2025 JAN 08 23:47:57 UTC,MARS BARYCENTER,MERCURY BARYCENTER,96294603.54404408,189302759.37449476,727178240,11936128517901810085,65457,9699,6247,50.32815752,1559,2.38171624,24.95597887,1445,301,815,443,0,1302,2957,1988,0,1816,2443,1545,443,0.30570556,0.42639117,1.00000000,0.77716298,1.50796353,1.81706709,PASS,PASS,PASS,12.79730000,messages/run_0403_message.txt,encoded/run_0403_encoded.txt
404,cover_technical.txt,technical,442,3568,3794326811,2031 JAN 04 11:17:53 UTC,URANUS BARYCENTER,SATURN BARYCENTER,2729916893.66628647,1241576502.06654143,3675056863,11936128517628579706,65457,9699,6247,57.11541540,1799,2.74836916,28.79782296,1637,327,953,519,0,1302,2957,1988,0,1928,2331,1469,519,0.30570556,0.45268842,1.00000000,0.73893360,1.50796353,1.84341518,PASS,PASS,PASS,13.28650000,messages/run_0404_message.txt,encoded/run_0404_encoded.txt
405,cover_technical.txt,technical,477,3848,2327096778,2026 JAN 13 17:03:29 UTC,SATURN BARYCENTER,JUPITER BARYCENTER,1482848514.74250674,633507675.11068130,2696784246,11936128515589016787,65457,9699,6247,61.59756683,1891,2.88891944,30.27052985,1733,368,970,553,0,1302,2957,1988,0,1904,2355,1435,553,0.30570556,0.44705330,1.00000000,0.72183099,1.50796353,1.85012622,PASS,PASS,PASS,12.44100000,messages/run_0405_message.txt,encoded/run_0405_encoded.txt
406,technical_03.txt,technical,266,2160,3331480551,2030 JAN 27 17:10:24 UTC,MERCURY BARYCENTER,NEPTUNE BARYCENTER,164054061.91346532,4535935684.60034561,3694795682,11936128517544066567,63667,9652,5708,37.84162579,1083,1.70103821,18.97337071,1026,189,583,311,0,1140,2762,1806,0,1534,2368,1495,311,0.29215787,0.39313173,1.00000000,0.82779623,1.49617529,1.77100521,PASS,PASS,PASS,11.95820000,messages/run_0406_message.txt,encoded/run_0406_encoded.txt
407,technical_03.txt,technical,303,2456,2932383410,2023 MAR 07 11:41:27 UTC,URANUS BARYCENTER,JUPITER BARYCENTER,3014533510.35320711,870307311.83612788,2880771427,11936128515739529414,63667,9652,5708,43.02733006,1247,1.95862849,21.84653118,1172,214,672,361,0,1140,2762,1806,0,1598,2304,1445,361,0.29215787,0.40953357,1.00000000,0.80011074,1.49617529,1.79613767,PASS,PASS,PASS,11.97080000,messages/run_0407_message.txt,encoded/run_0407_encoded.txt
408,technical_03.txt,technical,370,2992,3020869981,2023 AUG 15 18:52:14 UTC,VENUS BARYCENTER,MARS BARYCENTER,43293260.21398472,364487264.59188622,2793061333,11936128515568508528,63667,9652,5708,52.41765943,1465,2.30103507,25.66573231,1357,258,771,436,0,1140,2762,1806,0,1653,2249,1370,436,0.29215787,0.42362891,1.00000000,0.75858250,1.49617529,1.82476622,PASS,PASS,PASS,13.72960000,messages/run_0408_message.txt,encoded/run_0408_encoded.txt
409,technical_03.txt,technical,424,3424,2865812808,2033 APR 01 18:24:16 UTC,VENUS BARYCENTER,MERCURY BARYCENTER,45271493.05499282,146939870.90912956,2634737468,11936128516454564505,63667,9652,5708,59.98598458,1711,2.68742048,29.97547302,1593,303,889,519,0,1140,2762,1806,0,1726,2176,1287,519,0.29215787,0.44233726,1.00000000,0.71262458,1.49617529,1.85123165,PASS,PASS,PASS,13.55960000,messages/run_0409_message.txt,encoded/run_0409_encoded.txt
410,technical_03.txt,technical,484,3904,3170512240,2034 APR 19 16:44:33 UTC,JUPITER BARYCENTER,VENUS BARYCENTER,869336095.57042468,221653141.25479427,3098388782,11936128515990621323,63667,9652,5708,68.39523476,1969,3.09265397,34.49544499,1779,354,1048,567,0,1140,2762,1806,0,1834,2068,1239,567,0.29215787,0.47001538,1.00000000,0.68604651,1.49617529,1.86627448,PASS,PASS,PASS,11.48550000,messages/run_0410_message.txt,encoded/run_0410_encoded.txt
411,instructions_unique_05.txt,instructions,256,2080,3138548302,2035 OCT 16 14:57:36 UTC,VENUS BARYCENTER,NEPTUNE BARYCENTER,239883428.19651726,4314082625.52863121,2618608923,11936128516471482558,75416,12435,4999,41.60832166,1046,1.38697359,20.92418484,997,127,560,328,31,711,2586,1593,109,1144,2153,1296,406,0.21565059,0.34698210,0.93595770,0.76145711,1.53820817,1.80937494,PASS,PASS,PASS,12.28760000,messages/run_0411_message.txt,encoded/run_0411_encoded.txt
412,instructions_unique_05.txt,instructions,346,2800,3050276259,2026 NOV 21 05:33:14 UTC,MERCURY BARYCENTER,MARS BARYCENTER,150628079.25699064,188861654.01869982,2527732972,11936128516360208713,75416,12435,4999,56.01120224,1451,1.92399491,29.02580516,1366,172,804,445,30,711,2586,1593,109,1343,1954,1178,524,0.21565059,0.40734001,0.93595770,0.69212691,1.53820817,1.87161999,PASS,PASS,PASS,12.77050000,messages/run_0412_message.txt,encoded/run_0412_encoded.txt
413,instructions_unique_05.txt,instructions,382,3088,1167954606,2026 APR 15 16:39:50 UTC,MARS BARYCENTER,SATURN BARYCENTER,339830561.37868494,1560675464.06546855,1834250996,11936128518874847057,75416,12435,4999,61.77235447,1559,2.06720059,31.18623725,1472,211,873,435,40,711,2586,1593,109,1373,1924,1198,504,0.21565059,0.41643919,0.93595770,0.70387779,1.53820817,1.86986764,PASS,PASS,PASS,12.48290000,messages/run_0413_message.txt,encoded/run_0413_encoded.txt
414,instructions_unique_05.txt,instructions,440,3552,3773617617,2021 SEP 21 03:21:43 UTC,MARS BARYCENTER,NEPTUNE BARYCENTER,394654426.22072500,4327149171.47972298,3914538713,11936128516794792828,75416,12435,4999,71.05421084,1797,2.38278349,35.94718944,1672,221,1026,513,37,711,2586,1593,109,1516,1781,1117,585,0.21565059,0.45981195,0.93595770,0.65628672,1.53820817,1.89778702,PASS,PASS,PASS,12.38700000,messages/run_0414_message.txt,encoded/run_0414_encoded.txt
415,instructions_unique_05.txt,instructions,458,3696,2970343085,2020 JAN 11 12:22:37 UTC,URANUS BARYCENTER,NEPTUNE BARYCENTER,2930754117.73665714,4558964475.61396885,2469461943,11936128516419312146,75416,12435,4999,73.93478696,1866,2.47427602,37.32746549,1749,256,1048,521,41,711,2586,1593,109,1503,1794,1113,589,0.21565059,0.45586897,0.93595770,0.65393655,1.53820817,1.89789346,PASS,PASS,PASS,12.39790000,messages/run_0415_message.txt,encoded/run_0415_encoded.txt
416,narrative_unique_04.txt,narrative,293,2376,3059965861,2021 AUG 15 13:24:13 UTC,VENUS BARYCENTER,JUPITER BARYCENTER,182782434.81651089,600849753.17609930,2462458285,11936128516432823304,66238,11199,5517,43.06688418,1250,1.88713427,22.65724125,1201,171,788,271,20,770,3319,1385,43,1387,2702,1134,294,0.18831010,0.33920274,0.96988796,0.79411765,1.39272143,1.69972661,PASS,PASS,PASS,11.28030000,messages/run_0416_message.txt,encoded/run_0416_encoded.txt
417,narrative_unique_04.txt,narrative,302,2448,1374689603,2023 DEC 23 15:49:54 UTC,MARS BARYCENTER,VENUS BARYCENTER,366252515.28905272,168840827.54706272,1270710007,11936128519498160978,66238,11199,5517,44.37194127,1218,1.83882364,22.07721588,1151,146,787,276,9,770,3319,1385,43,1411,2678,1118,310,0.18831010,0.34507214,0.96988796,0.78291317,1.39272143,1.70933641,PASS,PASS,PASS,12.53350000,messages/run_0417_message.txt,encoded/run_0417_encoded.txt
418,narrative_unique_04.txt,narrative,385,3112,3929573142,2024 MAR 07 03:11:10 UTC,NEPTUNE BARYCENTER,JUPITER BARYCENTER,4619415293.88553905,822110290.37871540,4191986402,11936128517054990151,66238,11199,5517,56.40746783,1623,2.45025514,29.41816204,1506,196,1053,364,10,770,3319,1385,43,1627,2462,1031,397,0.18831010,0.39789680,0.96988796,0.72198880,1.39272143,1.76441355,PASS,PASS,PASS,11.63220000,messages/run_0418_message.txt,encoded/run_0418_encoded.txt
419,narrative_unique_04.txt,narrative,440,3552,2142841503,2033 MAR 09 19:09:20 UTC,URANUS BARYCENTER,MERCURY BARYCENTER,2818484064.74395227,99622770.27614914,2043307475,11936128519201865846,66238,11199,5517,64.38281675,1794,2.70841511,32.51767265,1648,223,1147,410,14,770,3319,1385,43,1694,2395,989,439,0.18831010,0.41428222,0.96988796,0.69257703,1.39272143,1.78076798,PASS,PASS,PASS,11.73870000,messages/run_0419_message.txt,encoded/run_0419_encoded.txt
420,narrative_unique_04.txt,narrative,491,3960,1714674043,2022 MAY 07 17:15:15 UTC,VENUS BARYCENTER,SATURN BARYCENTER,156876730.44222489,1491918701.62929416,1247894890,11936128519526217935,66238,11199,5517,71.77814029,1925,2.90618678,34.89215153,1777,253,1240,414,18,770,3319,1385,43,1757,2332,989,439,0.18831010,0.42968941,0.96988796,0.69257703,1.39272143,1.78595173,PASS,PASS,PASS,11.64290000,messages/run_0420_message.txt,encoded/run_0420_encoded.txt
421,reports_03.txt,reports,266,2160,3944126626,2020 JUN 03 15:52:16 UTC,VENUS BARYCENTER,MARS BARYCENTER,43170351.79052424,148343858.64429861,3844290678,11936128516586118611,63219,8958,5097,42.37786933,1083,1.71309258,21.24779282,1015,77,565,424,17,374,2442,2226,55,862,1954,1819,462,0.13281250,0.30610795,0.97588777,0.79745726,1.37761463,1.80832846,PASS,PASS,PASS,11.69360000,messages/run_0421_message.txt,encoded/run_0421_encoded.txt
422,reports_03.txt,reports,326,2640,515725061,2020 JUN 24 00:44:37 UTC,MARS BARYCENTER,NEPTUNE BARYCENTER,128756947.45140021,4443323014.08190632,445577481,11936128518710844588,63219,8958,5097,51.79517363,1336,2.11328873,26.21149696,1257,86,689,543,18,374,2442,2226,55,977,1839,1701,580,0.13281250,0.34694602,0.97588777,0.74572556,1.37761463,1.87263260,PASS,PASS,PASS,11.83320000,messages/run_0422_message.txt,encoded/run_0422_encoded.txt
423,reports_03.txt,reports,384,3104,3454477035,2027 SEP 18 10:08:32 UTC,MARS BARYCENTER,JUPITER BARYCENTER,302825593.32255614,953562832.93972218,3293798872,11936128517147116669,63219,8958,5097,60.89856778,1609,2.54512093,31.56758878,1458,100,820,672,17,374,2442,2226,55,1094,1722,1571,710,0.13281250,0.38849432,0.97588777,0.68873301,1.37761463,1.92489501,PASS,PASS,PASS,12.12440000,messages/run_0423_message.txt,encoded/run_0423_encoded.txt
424,reports_03.txt,reports,417,3368,311584083,2024 MAR 11 00:01:57 UTC,URANUS BARYCENTER,JUPITER BARYCENTER,3006232721.90293169,829689747.86733031,877237340,11936128517951730169,63219,8958,5097,66.07808515,1767,2.79504579,34.66745144,1586,110,913,724,20,374,2442,2226,55,1177,1639,1522,759,0.13281250,0.41796875,0.97588777,0.66725121,1.37761463,1.94443608,PASS,PASS,PASS,11.57370000,messages/run_0424_message.txt,encoded/run_0424_encoded.txt
425,reports_03.txt,reports,458,3696,920045615,2023 MAR 20 09:27:28 UTC,URANUS BARYCENTER,MERCURY BARYCENTER,3040863227.47975159,199443332.35485980,954151509,11936128518145611760,63219,8958,5097,72.51324308,1806,2.85673611,35.43260742,1636,116,938,732,20,374,2442,2226,55,1196,1620,1514,767,0.13281250,0.42471591,0.97588777,0.66374397,1.37761463,1.94769999,PASS,PASS,PASS,12.78970000,messages/run_0425_message.txt,encoded/run_0425_encoded.txt
426,academic_unique_04.txt,academic,255,2072,2863113116,2029 MAY 04 07:30:38 UTC,MARS BARYCENTER,MERCURY BARYCENTER,114217467.57574923,92767257.98963988,3046811866,11936128515776122239,69918,9189,4820,42.98755187,1043,1.49174748,21.63900415,991,117,526,395,5,530,2230,2047,13,939,1821,1657,403,0.19202899,0.34021739,0.99368932,0.80436893,1.41241296,1.81918569,PASS,PASS,PASS,11.90660000,messages/run_0426_message.txt,encoded/run_0426_encoded.txt
427,academic_unique_04.txt,academic,317,2568,1692703738,2026 AUG 21 00:03:59 UTC,NEPTUNE BARYCENTER,VENUS BARYCENTER,4346431373.66715050,95795831.42647088,2059128465,11936128519246867252,69918,9189,4820,53.27800830,1314,1.87934437,27.26141079,1237,123,660,528,3,530,2230,2047,13,1067,1693,1522,538,0.19202899,0.38659420,0.99368932,0.73883495,1.41241296,1.89000003,PASS,PASS,PASS,12.20720000,messages/run_0427_message.txt,encoded/run_0427_encoded.txt
428,academic_unique_04.txt,academic,382,3088,1249215136,2021 NOV 22 08:32:55 UTC,MARS BARYCENTER,SATURN BARYCENTER,376907525.99988437,1534010086.82602501,1453108035,11936128519584157414,69918,9189,4820,64.06639004,1513,2.16396350,31.39004149,1426,157,782,566,8,530,2230,2047,13,1155,1605,1489,571,0.19202899,0.41847826,0.99368932,0.72281553,1.41241296,1.91027246,PASS,PASS,PASS,11.91790000,messages/run_0428_message.txt,encoded/run_0428_encoded.txt
429,academic_unique_04.txt,academic,435,3512,3534823667,2021 OCT 26 22:04:31 UTC,SATURN BARYCENTER,URANUS BARYCENTER,1469814746.07878041,2805080632.36380768,3547506949,11936128517497359520,69918,9189,4820,72.86307054,1779,2.54440917,36.90871369,1639,181,910,682,6,530,2230,2047,13,1259,1501,1371,689,0.19202899,0.45615942,0.99368932,0.66553398,1.41241296,1.94711543,PASS,PASS,PASS,12.09360000,messages/run_0429_message.txt,encoded/run_0429_encoded.txt
430,academic_unique_04.txt,academic,499,4024,3166085340,2030 JUL 19 12:34:22 UTC,MERCURY BARYCENTER,VENUS BARYCENTER,161389010.00307778,226042918.60615501,2536998813,11936128516351992376,69918,9189,4820,83.48547718,2013,2.87908693,41.76348548,1837,196,1016,796,5,530,2230,2047,13,1350,1410,1256,804,0.19202899,0.48913043,0.99368932,0.60970874,1.41241296,1.96957278,PASS,PASS,PASS,11.96010000,messages/run_0430_message.txt,encoded/run_0430_encoded.txt
431,reviews_03.txt,reviews,279,2264,1995241554,2021 APR 09 13:04:43 UTC,MERCURY BARYCENTER,SATURN BARYCENTER,197614303.02991655,1541486229.05728769,1384638002,11936128519649772439,65098,10081,4482,50.51316377,1140,1.75120587,25.43507363,1075,134,676,261,69,645,2476,1131,230,1187,1934,939,422,0.20666453,0.38032682,0.83100661,0.68993387,1.59658641,1.82424562,PASS,PASS,PASS,10.95920000,messages/run_0431_message.txt,encoded/run_0431_encoded.txt
432,reviews_03.txt,reviews,299,2424,2827371846,2031 MAY 21 20:15:29 UTC,NEPTUNE BARYCENTER,SATURN BARYCENTER,4569622458.53162861,1501924281.57997155,3027900126,11936128515803427707,65098,10081,4482,54.08299866,1211,1.86027220,27.01918786,1135,152,723,260,76,645,2476,1131,230,1216,1905,947,414,0.20666453,0.38961871,0.83100661,0.69581190,1.59658641,1.82652392,PASS,PASS,PASS,10.79300000,messages/run_0432_message.txt,encoded/run_0432_encoded.txt
433,reviews_03.txt,reviews,369,2984,508615348,2025 NOV 25 12:34:53 UTC,NEPTUNE BARYCENTER,MARS BARYCENTER,4404308817.80612659,362544810.98343247,1067408497,11936128518091110868,65098,10081,4482,66.57742079,1506,2.31343513,33.60107095,1404,213,865,350,78,645,2476,1131,230,1297,1824,859,502,0.20666453,0.41557193,0.83100661,0.63115356,1.59658641,1.85607804,PASS,PASS,PASS,10.96440000,messages/run_0433_message.txt,encoded/run_0433_encoded.txt
434,reviews_03.txt,reviews,418,3376,3419976153,2029 DEC 26 14:13:32 UTC,NEPTUNE BARYCENTER,URANUS BARYCENTER,4455620327.47784805,2736193980.56453943,3529053498,11936128517516603551,65098,10081,4482,75.32351629,1776,2.72819441,39.62516734,1629,219,1035,415,107,645,2476,1131,230,1461,1660,823,538,0.20666453,0.46811919,0.83100661,0.60470242,1.59658641,1.87399771,PASS,PASS,PASS,10.97950000,messages/run_0434_message.txt,encoded/run_0434_encoded.txt
435,reviews_03.txt,reviews,455,3672,971507590,2020 NOV 19 07:44:40 UTC,JUPITER BARYCENTER,URANUS BARYCENTER,836019917.58116961,2818952181.53696203,779045531,11936128517848887102,65098,10081,4482,81.92771084,1858,2.85415835,41.45470772,1671,232,1088,428,110,645,2476,1131,230,1501,1620,813,548,0.20666453,0.48093560,0.83100661,0.59735489,1.59658641,1.87662977,PASS,PASS,PASS,11.52160000,messages/run_0435_message.txt,encoded/run_0435_encoded.txt
436,technical_unique_05.txt,technical,264,2144,3020105487,2024 AUG 13 14:42:12 UTC,SATURN BARYCENTER,NEPTUNE BARYCENTER,1309888961.83551502,4352515685.40050125,2164591206,11936128516118065091,68648,10299,4907,43.69268392,1032,1.50332129,21.03117995,975,167,567,298,0,847,2553,1507,0,1247,2153,1209,298,0.24911765,0.36676471,1.00000000,0.80225614,1.45096549,1.76709737,PASS,PASS,PASS,11.33560000,messages/run_0436_message.txt,encoded/run_0436_encoded.txt
437,technical_unique_05.txt,technical,349,2824,426107110,2025 APR 08 09:24:47 UTC,VENUS BARYCENTER,URANUS BARYCENTER,47833778.14886556,3042002947.73022318,270115526,11936128518552553315,68648,10299,4907,57.55043815,1419,2.06706678,28.91787243,1307,212,800,407,0,847,2553,1507,0,1435,1965,1100,407,0.24911765,0.42205882,1.00000000,0.72992701,1.45096549,1.82896115,PASS,PASS,PASS,12.18140000,messages/run_0437_message.txt,encoded/run_0437_encoded.txt
438,technical_unique_05.txt,technical,371,3000,450789253,2033 SEP 10 20:38:22 UTC,MARS BARYCENTER,URANUS BARYCENTER,97854076.62070857,2879182020.19273520,915603889,11936128517973386260,68648,10299,4907,61.13715101,1544,2.24915511,31.46525372,1437,265,846,433,0,847,2553,1507,0,1428,1972,1074,433,0.24911765,0.42000000,1.00000000,0.71267419,1.45096549,1.83557563,PASS,PASS,PASS,11.69520000,messages/run_0438_message.txt,encoded/run_0438_encoded.txt
439,technical_unique_05.txt,technical,432,3488,493608875,2023 SEP 27 19:46:47 UTC,MARS BARYCENTER,VENUS BARYCENTER,379708420.78400975,74798205.45768087,431420527,11936128518658937290,68648,10299,4907,71.08212757,1738,2.53175621,35.41878948,1584,277,972,489,0,847,2553,1507,0,1542,1858,1018,489,0.24911765,0.45352941,1.00000000,0.67551427,1.45096549,1.85760032,PASS,PASS,PASS,11.74440000,messages/run_0439_message.txt,encoded/run_0439_encoded.txt
440,technical_unique_05.txt,technical,465,3752,510398369,2035 APR 24 09:40:57 UTC,MERCURY BARYCENTER,JUPITER BARYCENTER,155520303.99139231,891364598.89467931,218023629,11936128518344893288,68648,10299,4907,76.46219686,1833,2.67014334,37.35479927,1683,290,1015,528,0,847,2553,1507,0,1572,1828,979,528,0.24911765,0.46235294,1.00000000,0.64963504,1.45096549,1.86682716,PASS,PASS,PASS,11.77540000,messages/run_0440_message.txt,encoded/run_0440_encoded.txt
441,academic_unique_05.txt,academic,258,2096,1072579006,2031 SEP 16 07:49:15 UTC,URANUS BARYCENTER,MARS BARYCENTER,2864080168.54215527,174831758.50086802,499575702,11936128518597070387,65801,8641,4496,46.61921708,1053,1.60027963,23.42081851,997,114,536,401,2,511,2075,1900,10,933,1653,1501,409,0.19760247,0.36078886,0.99476440,0.78586387,1.41614886,1.84454210,PASS,PASS,PASS,11.31960000,messages/run_0441_message.txt,encoded/run_0441_encoded.txt
442,academic_unique_05.txt,academic,300,2432,871861374,2030 MAR 23 21:31:09 UTC,NEPTUNE BARYCENTER,MERCURY BARYCENTER,4614050206.68238068,175787871.43943721,339205699,11936128518482721766,65801,8641,4496,54.09252669,1244,1.89054878,27.66903915,1159,123,619,500,2,511,2075,1900,10,1007,1579,1402,508,0.19760247,0.38940449,0.99476440,0.73403141,1.41614886,1.89333020,PASS,PASS,PASS,12.81270000,messages/run_0442_message.txt,encoded/run_0442_encoded.txt
443,academic_unique_05.txt,academic,370,2992,1737318211,2034 JAN 13 15:07:36 UTC,VENUS BARYCENTER,MERCURY BARYCENTER,255739661.58466461,189628640.46114945,1776202070,11936128518934172915,65801,8641,4496,66.54804270,1482,2.25224541,32.96263345,1377,157,743,581,1,511,2075,1900,10,1097,1489,1320,590,0.19760247,0.42420727,0.99476440,0.69109948,1.41614886,1.92813684,PASS,PASS,PASS,12.21770000,messages/run_0443_message.txt,encoded/run_0443_encoded.txt
444,academic_unique_05.txt,academic,403,3256,2886593314,2029 JAN 19 00:43:55 UTC,URANUS BARYCENTER,VENUS BARYCENTER,2785736932.80617285,243101710.14972591,2577285571,11936128516514112614,65801,8641,4496,72.41992883,1611,2.44829106,35.83185053,1478,172,820,617,2,511,2075,1900,10,1159,1427,1285,625,0.19760247,0.44818252,0.99476440,0.67277487,1.41614886,1.94181017,PASS,PASS,PASS,11.32110000,messages/run_0444_message.txt,encoded/run_0444_encoded.txt
445,academic_unique_05.txt,academic,470,3792,1104151797,2030 OCT 05 04:20:47 UTC,JUPITER BARYCENTER,MERCURY BARYCENTER,901544106.88821816,203453110.67150187,1200558484,11936128519298004017,65801,8641,4496,84.34163701,1924,2.92396772,42.79359431,1732,196,957,763,8,511,2075,1900,10,1272,1314,1145,765,0.19760247,0.49187935,0.99476440,0.59947644,1.41614886,1.97131005,PASS,PASS,PASS,11.46000000,messages/run_0445_message.txt,encoded/run_0445_encoded.txt
446,reviews_01.txt,reviews,262,2128,2187743084,2029 MAR 19 22:07:36 UTC,VENUS BARYCENTER,JUPITER BARYCENTER,257534279.94910583,678925301.30260563,2733853611,11936128515626692110,63641,9854,4354,48.87459807,1088,1.70958973,24.98851631,1037,132,652,253,51,610,2399,1119,226,1130,1879,917,428,0.20272516,0.37554005,0.83197026,0.68178439,1.59634672,1.83055674,PASS,PASS,PASS,11.99030000,messages/run_0446_message.txt,encoded/run_0446_encoded.txt
447,reviews_01.txt,reviews,329,2664,3371914351,2035 SEP 20 16:32:02 UTC,VENUS BARYCENTER,SATURN BARYCENTER,251026116.11616951,1470915287.07121944,3438468033,11936128517270896228,63641,9854,4354,61.18511713,1363,2.14170110,31.30454754,1271,175,803,304,81,610,2399,1119,226,1238,1771,896,449,0.20272516,0.41143237,0.83197026,0.66617100,1.59634672,1.85110162,PASS,PASS,PASS,11.06920000,messages/run_0447_message.txt,encoded/run_0447_encoded.txt
448,reviews_01.txt,reviews,369,2984,923546127,2029 DEC 02 10:05:55 UTC,URANUS BARYCENTER,NEPTUNE BARYCENTER,2729454174.18964958,4395541732.94421577,249546357,11936128518380479440,63641,9854,4354,68.53468075,1530,2.40411056,35.14010106,1412,196,898,343,93,610,2399,1119,226,1312,1697,869,476,0.20272516,0.43602526,0.83197026,0.64609665,1.59634672,1.86442400,PASS,PASS,PASS,10.80120000,messages/run_0448_message.txt,encoded/run_0448_encoded.txt
449,reviews_01.txt,reviews,428,3456,1844666274,2020 JAN 04 02:31:38 UTC,NEPTUNE BARYCENTER,JUPITER BARYCENTER,4542390864.28975677,928066449.50944829,2111266681,11936128519134968540,63641,9854,4354,79.37528709,1752,2.75294229,40.23886082,1583,224,1035,401,92,610,2399,1119,226,1421,1588,810,535,0.20272516,0.47224992,0.83197026,0.60223048,1.59634672,1.88099508,PASS,PASS,PASS,10.81770000,messages/run_0449_message.txt,encoded/run_0449_encoded.txt
450,reviews_01.txt,reviews,459,3704,3457658013,2022 JAN 14 19:52:11 UTC,JUPITER BARYCENTER,VENUS BARYCENTER,855484621.19790757,40678863.58477651,3277372273,11936128517231419092,63641,9854,4354,85.07119890,1842,2.89436055,42.30592559,1677,218,1101,418,105,610,2399,1119,226,1493,1516,806,539,0.20272516,0.49617813,0.83197026,0.59925651,1.59634672,1.88304381,PASS,PASS,PASS,10.84690000,messages/run_0450_message.txt,encoded/run_0450_encoded.txt
451,news_unique_01.txt,news,282,2288,2606887863,2020 SEP 20 21:43:47 UTC,MERCURY BARYCENTER,URANUS BARYCENTER,172005277.77044418,2846163987.36946440,2705126089,11936128515580712812,69853,10242,5995,38.16513761,1189,1.70214594,19.83319433,1150,226,647,292,24,1176,3073,1614,132,1597,2652,1346,400,0.27677100,0.37585314,0.92439863,0.77090493,1.58604493,1.77335693,PASS,PASS,PASS,11.92390000,messages/run_0451_message.txt,encoded/run_0451_encoded.txt
452,news_unique_01.txt,news,327,2648,2428126989,2033 JAN 10 16:38:16 UTC,SATURN BARYCENTER,VENUS BARYCENTER,1208281131.04404712,98790325.37510046,2851163635,11936128515710445654,69853,10242,5995,44.17014178,1327,1.89970366,22.13511259,1273,222,735,333,37,1176,3073,1614,132,1689,2560,1318,428,0.27677100,0.39750530,0.92439863,0.75486827,1.58604493,1.79144680,PASS,PASS,PASS,12.24800000,messages/run_0452_message.txt,encoded/run_0452_encoded.txt
453,news_unique_01.txt,news,348,2816,1506417757,2021 NOV 01 03:21:29 UTC,SATURN BARYCENTER,MARS BARYCENTER,1482760871.95569420,386699302.82546979,1241552400,11936128519524135861,69853,10242,5995,46.97247706,1427,2.04286144,23.80316931,1344,233,791,374,29,1176,3073,1614,132,1734,2515,1269,477,0.27677100,0.40809602,0.92439863,0.72680412,1.58604493,1.80810188,PASS,PASS,PASS,12.31730000,messages/run_0453_message.txt,encoded/run_0453_encoded.txt
454,news_unique_01.txt,news,431,3480,645436459,2026 JAN 20 10:56:51 UTC,SATURN BARYCENTER,MERCURY BARYCENTER,1497384149.55374646,212679277.43483585,117051206,11936128518244510435,69853,10242,5995,58.04837364,1775,2.54105049,29.60800667,1659,311,978,445,41,1176,3073,1614,132,1843,2406,1210,536,0.27677100,0.43374912,0.92439863,0.69301260,1.58604493,1.82918443,PASS,PASS,PASS,12.22900000,messages/run_0454_message.txt,encoded/run_0454_encoded.txt
455,news_unique_01.txt,news,465,3752,3250578350,2029 SEP 10 13:54:46 UTC,VENUS BARYCENTER,NEPTUNE BARYCENTER,152907815.71017706,4326776841.72193336,3990090927,11936128516719268106,69853,10242,5995,62.58548791,1913,2.73860822,31.90992494,1773,323,1065,495,30,1176,3073,1614,132,1918,2331,1149,597,0.27677100,0.45140033,0.92439863,0.65807560,1.58604493,1.84412011,PASS,PASS,PASS,12.54970000,messages/run_0455_message.txt,encoded/run_0455_encoded.txt
456,news_01.txt,news,265,2152,369591414,2035 OCT 28 09:19:13 UTC,SATURN BARYCENTER,JUPITER BARYCENTER,1391965928.90358901,599538579.98831880,461140690,11936128518705502071,67443,9685,6241,34.48165358,1110,1.64583426,17.78561128,1044,182,601,323,4,994,3146,2058,43,1413,2727,1739,362,0.24009662,0.34130435,0.97953356,0.82770109,1.49756662,1.75905361,PASS,PASS,PASS,11.92920000,messages/run_0456_message.txt,encoded/run_0456_encoded.txt
457,news_01.txt,news,337,2728,1474429364,2031 OCT 27 23:36:39 UTC,JUPITER BARYCENTER,SATURN BARYCENTER,865415325.22146976,1247384808.82178354,1381434871,11936128519663427666,67443,9685,6241,43.71094376,1375,2.03875866,22.03172568,1267,200,741,426,8,994,3146,2058,43,1535,2605,1640,461,0.24009662,0.37077295,0.97953356,0.78058068,1.49756662,1.80814650,PASS,PASS,PASS,11.91470000,messages/run_0457_message.txt,encoded/run_0457_encoded.txt
458,news_01.txt,news,353,2856,472690485,2029 NOV 21 09:53:13 UTC,URANUS BARYCENTER,SATURN BARYCENTER,2735399530.99322128,1219845317.30280161,444032179,11936128518721814806,67443,9685,6241,45.76189713,1441,2.13661907,23.08924852,1331,215,775,434,17,994,3146,2058,43,1554,2586,1641,460,0.24009662,0.37536232,0.97953356,0.78105664,1.49756662,1.81013269,PASS,PASS,PASS,11.68960000,messages/run_0458_message.txt,encoded/run_0458_encoded.txt
459,news_01.txt,news,445,3592,3499934681,2025 MAY 09 23:00:31 UTC,JUPITER BARYCENTER,MARS BARYCENTER,888071424.24221146,224942478.70467734,3605443461,11936128517437330976,67443,9685,6241,57.55487903,1755,2.60219741,28.12049351,1594,252,975,513,15,994,3146,2058,43,1717,2423,1560,541,0.24009662,0.41473430,0.97953356,0.74250357,1.49756662,1.84798330,PASS,PASS,PASS,12.21760000,messages/run_0459_message.txt,encoded/run_0459_encoded.txt
460,news_01.txt,news,480,3872,1369479121,2022 OCT 14 22:19:34 UTC,MERCURY BARYCENTER,NEPTUNE BARYCENTER,168671110.14772195,4343170353.14136600,1279349167,11936128519427650570,67443,9685,6241,62.04133953,1882,2.79050457,30.15542381,1696,283,1032,553,14,994,3146,2058,43,1743,2397,1519,582,0.24009662,0.42101449,0.97953356,0.72298905,1.49756662,1.85953683,PASS,PASS,PASS,12.85100000,messages/run_0460_message.txt,encoded/run_0460_encoded.txt
461,reports_01.txt,reports,266,2160,1927260717,2029 FEB 17 22:15:49 UTC,JUPITER BARYCENTER,NEPTUNE BARYCENTER,727349624.76526701,4583208864.05898190,1871033094,11936128518894655139,62817,8931,5070,42.60355030,1076,1.71291211,21.22287968,1016,67,554,444,11,387,2457,2189,37,874,1970,1756,470,0.13607595,0.30731364,0.98337826,0.78885894,1.36474196,1.81503066,PASS,PASS,PASS,11.47580000,messages/run_0461_message.txt,encoded/run_0461_encoded.txt
462,reports_01.txt,reports,328,2656,2139065298,2034 MAY 08 19:53:42 UTC,MERCURY BARYCENTER,MARS BARYCENTER,162030405.52944791,352382071.29281807,1217485190,11936128519483227171,62817,8931,5070,52.38658777,1326,2.11089355,26.15384615,1229,96,700,521,9,387,2457,2189,37,991,1853,1677,549,0.13607595,0.34845288,0.98337826,0.75336927,1.36474196,1.86626906,PASS,PASS,PASS,11.71690000,messages/run_0462_message.txt,encoded/run_0462_encoded.txt
463,reports_01.txt,reports,383,3096,672297056,2035 FEB 02 06:53:30 UTC,SATURN BARYCENTER,NEPTUNE BARYCENTER,1213536729.11572218,4520027433.54379177,947606528,11936128518152188325,62817,8931,5070,61.06508876,1587,2.52638617,31.30177515,1461,110,837,629,11,387,2457,2189,37,1114,1730,1571,655,0.13607595,0.39170183,0.98337826,0.70575022,1.36474196,1.91486527,PASS,PASS,PASS,11.02690000,messages/run_0463_message.txt,encoded/run_0463_encoded.txt
464,reports_01.txt,reports,416,3360,1350128365,2026 MAY 03 23:00:27 UTC,MERCURY BARYCENTER,SATURN BARYCENTER,191377562.77081889,1540645601.30623317,2084278280,11936128519154578861,62817,8931,5070,66.27218935,1650,2.62667749,32.54437870,1507,118,858,660,14,387,2457,2189,37,1127,1717,1543,683,0.13607595,0.39627286,0.98337826,0.69317161,1.36474196,1.92318902,PASS,PASS,PASS,11.29000000,messages/run_0464_message.txt,encoded/run_0464_encoded.txt
465,reports_01.txt,reports,461,3720,2978785144,2023 AUG 26 00:51:15 UTC,JUPITER BARYCENTER,NEPTUNE BARYCENTER,683968064.98441494,4335853356.86575890,2309574156,11936128516242598825,62817,8931,5070,73.37278107,1831,2.91481605,36.11439842,1647,126,960,731,14,387,2457,2189,37,1221,1623,1472,754,0.13607595,0.42932489,0.98337826,0.66127583,1.36474196,1.94759683,PASS,PASS,PASS,14.77370000,messages/run_0465_message.txt,encoded/run_0465_encoded.txt
466,narrative_unique_01.txt,narrative,266,2160,563846641,2033 MAY 02 07:45:44 UTC,MERCURY BARYCENTER,JUPITER BARYCENTER,197574760.16525295,794439414.56333518,777038001,11936128517851647252,67336,11372,5579,38.71661588,1093,1.62320304,19.59132461,1033,132,703,246,12,746,3353,1412,68,1317,2782,1178,302,0.18199561,0.32129788,0.95405405,0.79594595,1.40880885,1.69375503,PASS,PASS,PASS,13.57620000,messages/run_0466_message.txt,encoded/run_0466_encoded.txt
467,narrative_unique_01.txt,narrative,310,2512,461957691,2035 SEP 02 00:33:57 UTC,JUPITER BARYCENTER,VENUS BARYCENTER,681548512.11677670,256282616.84892842,782397889,11936128517836100708,67336,11372,5579,45.02599032,1282,1.90388499,22.97902850,1197,151,822,297,12,746,3353,1412,68,1417,2682,1127,353,0.18199561,0.34569407,0.95405405,0.76148649,1.40880885,1.72827058,PASS,PASS,PASS,12.76900000,messages/run_0467_message.txt,encoded/run_0467_encoded.txt
468,narrative_unique_01.txt,narrative,383,3096,2706423506,2027 MAY 04 02:07:57 UTC,NEPTUNE BARYCENTER,SATURN BARYCENTER,4586971596.65698719,1539797007.31925821,2612640894,11936128516545583579,67336,11372,5579,55.49381610,1579,2.34495664,28.30256318,1468,191,1029,342,17,746,3353,1412,68,1584,2515,1087,393,0.18199561,0.38643572,0.95405405,0.73445946,1.40880885,1.76325663,PASS,PASS,PASS,12.16820000,messages/run_0468_message.txt,encoded/run_0468_encoded.txt
469,narrative_unique_01.txt,narrative,410,3312,688963646,2027 DEC 08 13:34:54 UTC,MARS BARYCENTER,NEPTUNE BARYCENTER,337690528.79010570,4421413365.76497173,889082407,11936128517942278018,67336,11372,5579,59.36547768,1699,2.52316740,30.45348629,1575,196,1096,386,21,746,3353,1412,68,1646,2453,1047,433,0.18199561,0.40156136,0.95405405,0.70743243,1.40880885,1.77998120,PASS,PASS,PASS,13.51060000,messages/run_0469_message.txt,encoded/run_0469_encoded.txt
470,narrative_unique_01.txt,narrative,488,3936,383487856,2026 DEC 04 05:52:14 UTC,MARS BARYCENTER,VENUS BARYCENTER,171914853.80705485,67124557.93849921,864007121,11936128518034429556,67336,11372,5579,70.55027783,1990,2.95532850,35.66947482,1830,232,1270,461,27,746,3353,1412,68,1784,2315,978,502,0.18199561,0.43522810,0.95405405,0.66081081,1.40880885,1.80554104,PASS,PASS,PASS,11.85960000,messages/run_0470_message.txt,encoded/run_0470_encoded.txt
471,news_unique_02.txt,news,293,2376,3127917267,2028 FEB 08 23:19:26 UTC,VENUS BARYCENTER,MERCURY BARYCENTER,152502304.30655557,101539249.68513130,2210572809,11936128516147842988,64336,9422,5540,42.88808664,1194,1.85588162,21.55234657,1145,214,686,271,23,1061,2870,1488,121,1533,2398,1240,369,0.26990588,0.38997711,0.92479801,0.77066501,1.57808904,1.77948254,PASS,PASS,PASS,11.28700000,messages/run_0471_message.txt,encoded/run_0471_encoded.txt
472,news_unique_02.txt,news,300,2432,1507245952,2030 MAR 26 11:15:25 UTC,URANUS BARYCENTER,NEPTUNE BARYCENTER,2922622228.66476965,4614845407.19702244,1336606214,11936128519430429603,64336,9422,5540,43.89891697,1217,1.89163143,21.96750903,1159,217,664,307,29,1061,2870,1488,121,1508,2423,1210,399,0.26990588,0.38361740,0.92479801,0.75201989,1.57808904,1.78554718,PASS,PASS,PASS,11.10270000,messages/run_0472_message.txt,encoded/run_0472_encoded.txt
473,news_unique_02.txt,news,349,2824,2743033383,2024 FEB 08 06:28:39 UTC,SATURN BARYCENTER,VENUS BARYCENTER,1594416278.54288483,209505355.58128741,2157337943,11936128516127717618,64336,9422,5540,50.97472924,1433,2.22736881,25.86642599,1351,235,820,344,34,1061,2870,1488,121,1646,2285,1178,431,0.26990588,0.41872297,0.92479801,0.73213176,1.57808904,1.80875792,PASS,PASS,PASS,11.18740000,messages/run_0473_message.txt,encoded/run_0473_encoded.txt
474,news_unique_02.txt,news,408,3296,346900619,2026 MAY 26 23:43:55 UTC,VENUS BARYCENTER,JUPITER BARYCENTER,192756146.99711868,882118267.32978642,333091535,11936128518565345130,64336,9422,5540,59.49458484,1627,2.52891072,29.36823105,1522,270,908,416,33,1061,2870,1488,121,1699,2232,1105,504,0.26990588,0.43220555,0.92479801,0.68676196,1.57808904,1.82989057,PASS,PASS,PASS,11.19200000,messages/run_0474_message.txt,encoded/run_0474_encoded.txt
475,news_unique_02.txt,news,466,3760,2259459418,2028 OCT 07 01:27:00 UTC,URANUS BARYCENTER,VENUS BARYCENTER,2809829997.54648876,169107508.45992869,3196704129,11936128515959451684,64336,9422,5540,67.87003610,1900,2.95324546,34.29602888,1735,323,1030,503,44,1061,2870,1488,121,1768,2163,1029,580,0.26990588,0.44975833,0.92479801,0.63952766,1.57808904,1.84757039,PASS,PASS,PASS,11.36150000,messages/run_0475_message.txt,encoded/run_0475_encoded.txt
476,general_01.txt,general,264,2144,3614920199,2023 APR 24 21:30:49 UTC,NEPTUNE BARYCENTER,VENUS BARYCENTER,4592200228.34257793,153608436.91116881,3504131086,11936128517474445739,66368,9647,4424,48.46292948,1024,1.54291225,23.14647378,980,175,428,421,0,812,1644,1968,0,1065,1391,1547,421,0.33061889,0.43363192,1.00000000,0.78607724,1.49948006,1.87243393,PASS,PASS,PASS,10.88850000,messages/run_0476_message.txt,encoded/run_0476_encoded.txt
477,general_01.txt,general,333,2696,1670568564,2025 OCT 10 08:17:27 UTC,SATURN BARYCENTER,JUPITER BARYCENTER,1286780587.81210232,776975159.88115728,1992078177,11936128519045191364,66368,9647,4424,60.94032550,1321,1.99041707,29.85985533,1255,232,537,552,0,812,1644,1968,0,1117,1339,1416,552,0.33061889,0.45480456,1.00000000,0.71951220,1.49948006,1.92392166,PASS,PASS,PASS,11.89550000,messages/run_0477_message.txt,encoded/run_0477_encoded.txt
478,general_01.txt,general,349,2824,2480044141,2027 MAY 22 22:41:02 UTC,URANUS BARYCENTER,SATURN BARYCENTER,3053050939.68651390,1516108122.07789421,3011954618,11936128515874972191,66368,9647,4424,63.83363472,1405,2.11698409,31.75858951,1328,247,571,587,0,812,1644,1968,0,1136,1320,1381,587,0.33061889,0.46254072,1.00000000,0.70172764,1.49948006,1.93520383,PASS,PASS,PASS,11.29310000,messages/run_0478_message.txt,encoded/run_0478_encoded.txt
479,general_01.txt,general,400,3232,2653183312,2025 NOV 14 15:00:51 UTC,MERCURY BARYCENTER,URANUS BARYCENTER,106967826.77128932,2770047170.24743795,3104507579,11936128515984761630,66368,9647,4424,73.05605787,1557,2.34601013,35.19439421,1465,266,648,643,0,812,1644,1968,0,1194,1262,1325,643,0.33061889,0.48615635,1.00000000,0.67327236,1.49948006,1.95155040,PASS,PASS,PASS,10.96120000,messages/run_0479_message.txt,encoded/run_0479_encoded.txt
480,general_01.txt,general,454,3664,2912614263,2034 APR 06 12:28:08 UTC,URANUS BARYCENTER,JUPITER BARYCENTER,2866313272.21263790,882101320.59409404,3217710656,11936128515947101157,66368,9647,4424,82.82097649,1813,2.73173819,40.98101266,1692,333,745,735,0,812,1644,1968,0,1224,1232,1233,735,0.33061889,0.49837134,1.00000000,0.62652439,1.49948006,1.97042791,PASS,PASS,PASS,11.42000000,messages/run_0480_message.txt,encoded/run_0480_encoded.txt
481,reviews_unique_04.txt,reviews,293,2376,981405604,2022 JUN 28 07:30:48 UTC,JUPITER BARYCENTER,SATURN BARYCENTER,728414485.43386936,1372412946.48828006,778972208,11936128517848926613,74145,11336,4574,51.94578050,1198,1.61575292,26.19151727,1115,250,516,372,60,1119,1795,1440,220,1385,1529,1128,532,0.38400824,0.47529170,0.86746988,0.67951807,1.76201130,1.90944630,PASS,PASS,PASS,12.15810000,messages/run_0481_message.txt,encoded/run_0481_encoded.txt
482,reviews_unique_04.txt,reviews,341,2760,464874672,2024 MAR 26 00:25:32 UTC,MERCURY BARYCENTER,NEPTUNE BARYCENTER,129888420.51299906,4620846418.92158413,410475460,11936128518688276065,74145,11336,4574,60.34105815,1380,1.86121788,30.17052908,1274,317,603,391,69,1119,1795,1440,220,1405,1509,1118,542,0.38400824,0.48215511,0.86746988,0.67349398,1.76201130,1.91231053,PASS,PASS,PASS,13.47210000,messages/run_0482_message.txt,encoded/run_0482_encoded.txt
483,reviews_unique_04.txt,reviews,356,2880,172295313,2030 NOV 20 03:54:22 UTC,VENUS BARYCENTER,SATURN BARYCENTER,253266873.64071554,1210268796.98020935,1049849578,11936128518107614031,74145,11336,4574,62.96458242,1465,1.97585812,32.02885877,1350,320,632,430,83,1119,1795,1440,220,1431,1483,1093,567,0.38400824,0.49107756,0.86746988,0.65843373,1.76201130,1.91819092,PASS,PASS,PASS,12.47750000,messages/run_0483_message.txt,encoded/run_0483_encoded.txt
484,reviews_unique_04.txt,reviews,424,3424,1040152361,2035 AUG 26 09:11:57 UTC,JUPITER BARYCENTER,URANUS BARYCENTER,696091558.74463630,2916047316.84145451,637993346,11936128517712028711,74145,11336,4574,74.85789244,1669,2.25099467,36.48885002,1531,385,713,489,82,1119,1795,1440,220,1447,1467,1033,627,0.38400824,0.49656829,0.86746988,0.62228916,1.76201130,1.92923938,PASS,PASS,PASS,14.53180000,messages/run_0484_message.txt,encoded/run_0484_encoded.txt
485,reviews_unique_04.txt,reviews,488,3936,1025704854,2029 NOV 19 04:16:15 UTC,NEPTUNE BARYCENTER,MARS BARYCENTER,4367225110.85810375,286682864.73998350,680525944,11936128517872657885,74145,11336,4574,86.05159598,1967,2.65290984,43.00393529,1743,420,849,588,110,1119,1795,1440,220,1548,1366,962,698,0.38400824,0.53122855,0.86746988,0.57951807,1.76201130,1.93663763,PASS,PASS,PASS,12.23380000,messages/run_0485_message.txt,encoded/run_0485_encoded.txt
486,academic_unique_03.txt,academic,291,2360,1881311736,2030 JUL 19 23:35:42 UTC,MERCURY BARYCENTER,MARS BARYCENTER,160385228.15462080,379060635.73317462,1233269933,11936128519465570568,68677,9031,4701,50.20208466,1194,1.73857332,25.39885131,1131,116,592,482,4,520,2125,2039,17,996,1649,1561,495,0.19659735,0.37655955,0.99173152,0.75924125,1.42119132,1.87456219,PASS,PASS,PASS,13.01090000,messages/run_0486_message.txt,encoded/run_0486_encoded.txt
487,academic_unique_03.txt,academic,298,2416,1257701958,2021 FEB 08 23:36:42 UTC,VENUS BARYCENTER,NEPTUNE BARYCENTER,249855116.91701901,4605268702.43575287,1646062969,11936128518854363356,68677,9031,4701,51.39332057,1197,1.74294160,25.46266752,1137,122,584,487,4,520,2125,2039,17,982,1663,1556,500,0.19659735,0.37126654,0.99173152,0.75680934,1.42119132,1.87409965,PASS,PASS,PASS,13.96870000,messages/run_0487_message.txt,encoded/run_0487_encoded.txt
488,academic_unique_03.txt,academic,354,2864,36366119,2021 JUN 22 11:31:24 UTC,MARS BARYCENTER,SATURN BARYCENTER,356532589.37663651,1372415499.19509530,690559848,11936128517861588685,68677,9031,4701,60.92320783,1433,2.08657920,30.48287598,1338,143,704,581,5,520,2125,2039,17,1081,1564,1463,593,0.19659735,0.40869565,0.99173152,0.71157588,1.42119132,1.91672682,PASS,PASS,PASS,11.93330000,messages/run_0488_message.txt,encoded/run_0488_encoded.txt
489,academic_unique_03.txt,academic,427,3448,194934075,2030 NOV 17 01:10:40 UTC,NEPTUNE BARYCENTER,JUPITER BARYCENTER,4357938302.07688427,944802264.98530447,1059543731,11936128518095830806,68677,9031,4701,73.34609658,1689,2.45933864,35.92852585,1555,171,843,669,6,520,2125,2039,17,1192,1453,1376,680,0.19659735,0.45066163,0.99173152,0.66926070,1.42119132,1.94781025,PASS,PASS,PASS,17.42420000,messages/run_0489_message.txt,encoded/run_0489_encoded.txt
490,academic_unique_03.txt,academic,466,3760,1630544647,2021 MAR 23 13:05:59 UTC,SATURN BARYCENTER,MARS BARYCENTER,1578227391.11725426,251672066.07372883,1435140939,11936128519533176558,68677,9031,4701,79.98298234,1878,2.73453995,39.94894703,1714,200,917,752,9,520,2125,2039,17,1237,1408,1296,760,0.19659735,0.46767486,0.99173152,0.63035019,1.42119132,1.96525726,PASS,PASS,PASS,11.85670000,messages/run_0490_message.txt,encoded/run_0490_encoded.txt
491,technical_04.txt,technical,270,2192,1345932747,2034 SEP 27 21:13:32 UTC,MARS BARYCENTER,MERCURY BARYCENTER,392574506.80407900,118801438.35904668,1239271668,11936128519470869841,69490,10552,6273,34.94340826,1109,1.59591308,17.67894150,1058,217,582,310,0,1238,3043,1992,0,1603,2678,1682,310,0.28918477,0.37444522,1.00000000,0.84437751,1.49383613,1.75083874,PASS,PASS,PASS,12.11890000,messages/run_0491_message.txt,encoded/run_0491_encoded.txt
492,technical_04.txt,technical,323,2616,3881845570,2029 FEB 02 11:48:42 UTC,VENUS BARYCENTER,MARS BARYCENTER,248518024.63435477,139046895.85854933,4054502816,11936128516913850373,69490,10552,6273,41.70253467,1309,1.88372428,20.86720867,1229,233,689,387,0,1238,3043,1992,0,1694,2587,1605,387,0.28918477,0.39570194,1.00000000,0.80572289,1.49383613,1.78813635,PASS,PASS,PASS,12.30010000,messages/run_0492_message.txt,encoded/run_0492_encoded.txt
493,technical_04.txt,technical,350,2832,16328835,2034 MAR 09 15:46:51 UTC,MERCURY BARYCENTER,VENUS BARYCENTER,140701883.71633482,243881367.56357267,799476294,11936128517818986467,69490,10552,6273,45.14586322,1403,2.01899554,22.36569425,1311,246,752,405,0,1238,3043,1992,0,1744,2537,1587,405,0.28918477,0.40738145,1.00000000,0.79668675,1.49383613,1.79849575,PASS,PASS,PASS,12.07440000,messages/run_0493_message.txt,encoded/run_0493_encoded.txt
494,technical_04.txt,technical,417,3368,3002354412,2021 OCT 03 03:23:43 UTC,MARS BARYCENTER,URANUS BARYCENTER,393916166.71308851,2826897173.91200542,2450861737,11936128516437871372,69490,10552,6273,53.69041926,1705,2.45359044,27.17997768,1575,319,882,504,0,1238,3043,1992,0,1801,2480,1488,504,0.28918477,0.42069610,1.00000000,0.74698795,1.49383613,1.83083831,PASS,PASS,PASS,13.10580000,messages/run_0494_message.txt,encoded/run_0494_encoded.txt
495,technical_04.txt,technical,467,3768,3022161652,2023 FEB 18 06:41:20 UTC,NEPTUNE BARYCENTER,URANUS BARYCENTER,4608398971.59660530,2973989543.69844484,2923254136,11936128515698128093,69490,10552,6273,60.06695361,1893,2.72413297,30.17694883,1737,343,1000,550,0,1238,3043,1992,0,1895,2386,1442,550,0.28918477,0.44265359,1.00000000,0.72389558,1.49383613,1.84760417,PASS,PASS,PASS,12.65960000,messages/run_0495_message.txt,encoded/run_0495_encoded.txt
496,reports_unique_03.txt,reports,270,2192,3692218208,2025 MAY 02 11:57:08 UTC,JUPITER BARYCENTER,MARS BARYCENTER,877158392.47908485,214755384.75650474,4103731124,11936128516866462225,66812,9568,5941,36.89614543,1082,1.61946956,18.21242215,1026,43,545,481,13,262,2802,2827,50,764,2300,2359,518,0.08550914,0.24934726,0.98262079,0.81995134,1.27780578,1.74654478,PASS,PASS,PASS,11.77550000,messages/run_0496_message.txt,encoded/run_0496_encoded.txt
497,reports_unique_03.txt,reports,330,2672,3896025635,2031 DEC 15 02:17:47 UTC,SATURN BARYCENTER,URANUS BARYCENTER,1203509469.92374110,2708266561.65593529,3515929632,11936128517453214085,66812,9568,5941,44.97559333,1313,1.96521583,22.10065646,1230,58,646,600,9,262,2802,2827,50,850,2214,2236,641,0.08550914,0.27741514,0.98262079,0.77719847,1.27780578,1.80922645,PASS,PASS,PASS,11.66070000,messages/run_0497_message.txt,encoded/run_0497_encoded.txt
498,reports_unique_03.txt,reports,353,2856,3519057642,2033 OCT 19 11:04:21 UTC,VENUS BARYCENTER,URANUS BARYCENTER,237221288.52591097,2782013770.16381359,4231938180,11936128517006943521,66812,9568,5941,48.07271503,1402,2.09842543,23.59872075,1324,59,718,609,16,262,2802,2827,50,921,2143,2234,643,0.08550914,0.30058747,0.98262079,0.77650330,1.27780578,1.82535756,PASS,PASS,PASS,11.87520000,messages/run_0498_message.txt,encoded/run_0498_encoded.txt
499,reports_unique_03.txt,reports,408,3296,3429403666,2023 MAY 10 07:23:32 UTC,JUPITER BARYCENTER,MERCURY BARYCENTER,880318501.39042389,86465202.21812312,3742058736,11936128517561838933,66812,9568,5941,55.47887561,1682,2.51751182,28.31173203,1546,65,858,746,13,262,2802,2827,50,1055,2009,2094,783,0.08550914,0.34432115,0.98262079,0.72784150,1.27780578,1.88733208,PASS,PASS,PASS,12.34250000,messages/run_0499_message.txt,encoded/run_0499_encoded.txt
500,reports_unique_03.txt,reports,481,3880,3464128591,2032 MAR 26 03:31:42 UTC,URANUS BARYCENTER,MERCURY BARYCENTER,2881331008.72263813,94217625.37390286,3388850038,11936128517321267923,66812,9568,5941,65.30887056,1950,2.91863737,32.82275711,1786,83,1004,849,14,262,2802,2827,50,1183,1881,1992,885,0.08550914,0.38609661,0.98262079,0.69238790,1.27780578,1.92673181,PASS,PASS,PASS,13.10090000,messages/run_0500_message.txt,encoded/run_0500_encoded.txt
